source_url,name,phone,address,website_url,employees_range,establish_date
https://www.yelu.uk/company/1195971/aspire-estate-agency,Aspire Estate Agency,01752 424877,"Plumer House Tailyour Road Plymouth Devon PL6 5DH, United Kingdom",myaspire.co.uk,1-5,2019
https://www.yelu.uk/company/1195302/diversified-property,Diversified Property,+44 (0) 0203 808 2645,"4th Floor, One Thomas More Square, London, United Kingdom",www.diversified-property.com,1-5,2017
https://www.yelu.uk/company/1184330/epc-uk-london,EPC UK (London),020 3637 1147,"10 Bathurst Road, Ilford, London, United Kingdom",epcuk.org/,16-25,2000
https://www.yelu.uk/company/1196441/finecountry-rutlandstamford-estate-agents,Fine & Country Rutland & Stamford Estate Agents,+441780 750 200,"The Old Jewellers 30 High Street East Uppingham Rutland LE15 9PZ, Stamford, United Kingdom",www.fineandcountry.co.uk/rutland-stamford-south-lincolnshire-estate-agents,26-50,2010
https://www.yelu.uk/company/1181485/go-view-london,Go View London,020 8579 0222,"1 Central Chambers, The Broadway, Ealing, London, United Kingdom",www.goviewlondon.co.uk,11-15,2010
https://www.yelu.uk/company/1195889/jordan-and-halstead,Jordan and Halstead,01613 270962,"The Colony Wilmslow, Altrincham Road Wilmslow, Cheshire, SK9 4LY, United Kingdom",www.jordanandhalstead.co.uk,26-50,2012
https://www.yelu.uk/company/225832/madley-property-services,Madley Property Services,020 7378 0644,"Work.Life Building, 5-7 Tanner Street, London, SE1 3LE, United Kingdom",www.madleyproperty.com,N/A,N/A
https://www.yelu.uk/company/1192326/martinco-camberley,Martin & Co Camberley,01276 691510,"7 High Street, Camberley, Surrey, United Kingdom",www.martinco.com/estate-agents-and-letting-agents/branch/camberley,N/A,1986
https://www.yelu.uk/company/1192328/martinco-horsforth,Martin & Co Horsforth,0113 2588664,"93 New Road Side, Leeds, United Kingdom",www.martinco.com/estate-agents-and-letting-agents/branch/leeds-horsforth,N/A,N/A
https://www.yelu.uk/company/1192329/martinco-huddersfield,Martin & Co Huddersfield,01484 453935,"7 St. Peters Street, United Kingdom",www.martinco.com/estate-agents-and-letting-agents/branch/huddersfield,N/A,N/A
https://www.yelu.uk/company/1192330/martinco-leeds-city,Martin & Co Leeds City,0113 245 7174,"24-28 Bridge End, Leeds, United Kingdom",www.martinco.com/estate-agents-and-letting-agents/branch/leeds-city/properties,N/A,N/A
https://www.yelu.uk/company/1191937/yellow-oak-inventories,Yellow Oak Inventories,02037134933,"3rd FLOOR, 111 Charterhouse Street, EC1M 6AW, London, London, United Kingdom",www.yellowoak.co.uk,11-15,2003
https://www.yelu.uk/company/1182062/ashley-charles,Ashley Charles,01189 596 744,"46 London Street, Reading, Berkshire, United Kingdom",www.ashleycharles.com,N/A,N/A
https://www.yelu.uk/company/1189695/houses-for-sale-cumbernauld-estate-agents,Houses for sale Cumbernauld & Estate agents,01236 730035,"9 Tay Walk, Town Center, Glasgow, United Kingdom",www.robinsonmoore.com/,51-100,2015
https://www.yelu.uk/company/1186732/speedy-property-lets,Speedy Property Lets,01752414331,"Suite 121 91 Mayflower Street, Plymouth, Devon, United Kingdom",www.SpeedyPropertyLets.com,N/A,N/A
https://www.yelu.uk/company/1181738/urban-sales-and-lettings-online-estate-agents,Urban Sales and Lettings Online Estate Agents,01892 513311,"Calverley House, 55 Calverley Road, Tunbridge Wells, Kent, United Kingdom",www.urbansalesandlettings.co.uk,N/A,2005
https://www.yelu.uk/company/1181795/alderhill-homes,Alderhill Homes,01252315661,"121-123 Victoria Road, Aldershot, Hampshire, United Kingdom",www.alderhillhomes.com/,1-5,2000
https://www.yelu.uk/company/1185929/london-estate-agents,London Estate Agents,1753 251722,"26 York Street, London, London, United Kingdom",plus.google.com/b/118158854427244729313/+MazumahcoukSlough/,N/A,N/A
https://www.yelu.uk/company/1186070/michaels-property-consultants-ltd,Michaels Property Consultants Ltd,01206 576999,"29 Crouch Street, Colchester, Essex, United Kingdom",www.michaelsproperty.co.uk/,N/A,2012
https://www.yelu.uk/company/1186957/real-estate-agency-in-port-grimaud-near-saint-tropez-france,"Real estate agency in Port Grimaud near Saint Tropez, France",04 9456 5658,"London, United Kingdom",www.boutemy.co.uk,N/A,N/A
https://www.yelu.uk/company/1190290/sparkenhoe-business-centre-ltd,Sparkenhoe Business Centre Ltd,01455633666,"Sparkenhoe House, Southfield Rd, Hinckley, Leicester, Leicestershire, United Kingdom",www.sparkenhoebusinesscentre.co.uk,6-10,2014
https://www.yelu.uk/company/1187216/thomas-cheshire-estate-agents,Thomas Cheshire estate agents,01268 500988,"Blacon, Cheshire, United Kingdom",www.Thomascheshire.co.uk,N/A,N/A
https://www.yelu.uk/company/1186580/wallers-of-oxford,Wallers of Oxford,01865 435175,"Prama House, 267 Banbury Road, Summertown, Oxford , Oxfordshire, United Kingdom",www.wallersofoxford.co.uk,N/A,N/A
https://www.yelu.uk/company/1186371/investment-properties-for-sale-near-london-england-uk,"Investment Properties for Sale Near London, England, UK",N/A,"Bedford, Luton, Bedfordshire, United Kingdom",24MinsToLondon.com/,N/A,N/A
https://www.yelu.uk/company/224748/dexters,Dexters Fulham Estate Agents,020 7386 5386,"569 Fulham Road, Fulham, SW6 1ES, London, London, United Kingdom",www.dexters.co.uk/contact-us/our-offices/fulham,N/A,N/A
https://www.yelu.uk/company/1188560/hurford-salvi-carr,Hurford Salvi Carr,020 7791 7011,"9 Branch Road, Limehouse Basin,  London,  London E14 9HS, United Kingdom",www.hurford-salvi-carr.co.uk/lettings/contact/docklands-lettings-office,6-10,N/A
https://www.yelu.uk/company/1186581/alexander-may-estate-agentsletting-agents,Alexander May Estate Agents & Letting Agents,0117 974 4766,"35 Regent Street , Bristol, Bristol, United Kingdom",www.alexandermay.co.uk,N/A,N/A
https://www.yelu.uk/company/1187044/homefinderscouk,Homefinders.co.uk,01452 234533,"Kestrel Court, Waterwells Business Park Gloucester GL2 2AT, United Kingdom",www.homefinders.co.uk,N/A,N/A
https://www.yelu.uk/company/1195131/jameson-knight-estates-ltd,Jameson Knight Estates LTD,02089839966,"102 Roman Road, Bethnal Green, London, London, United Kingdom",jamesonknight.co.uk/,16-25,2012
https://www.yelu.uk/company/1188389/knightsbridge-estate-agents,Knightsbridge Estate Agents,02078682222,"Marble Arch Tower, 55 Bryanston Street, Marble Arch,, London, London, United Kingdom",www.knightsbridge.uk.com/,N/A,N/A
https://www.yelu.uk/company/1188742/top-cash-offer,Top Cash Offer,08006127917,"Office 5, 6 Kingsway North, Team Valley Trading Estate, Gateshead, Tyne and Wear, United Kingdom",www.topcashoffer.co.uk,N/A,N/A
https://www.yelu.uk/company/1193698/abingdondidcot-estate-agenletting-agent,Abingdon & Didcot Estate Agen & Letting Agent,0845 340 0011,"1, Ashby court, Marcham Road, Drayton, Abingdon, Oxfordshire, United Kingdom",abrahamestate.co.uk/,N/A,N/A
https://www.yelu.uk/company/1188408/best-place-for-renting-flats-in-leeds,Best place for Renting Flats in Leeds,0113 2762385,"83 Stratford Street, Leeds, United Kingdom",rentingflat.co.uk/,N/A,N/A
https://www.yelu.uk/company/1190607/bonners-babingtons-estate-agents,Bonners & Babingtons Estate Agents,01628 888300,"3 Anglers Court, Spittal Street, Marlow, Buckinghamshire, United Kingdom",marlow.bb-estateagents.co.uk/,N/A,N/A
https://www.yelu.uk/company/1190608/bonners-babingtons-estate-agents,Bonners & Babingtons Estate Agents,01844 343334,"78 High Street, Princes Risborough, Buckinghamshire, United Kingdom",princesrisborough.bb-estateagents.co.uk/,N/A,N/A
https://www.yelu.uk/company/1195115/estate-agents-soho,Estate Agents Soho,0845 474 9192,"1 Margaret Street, Farnham, London, United Kingdom",www.davis-brown.co.uk/,201-500,2004
https://www.yelu.uk/company/1187637/hawkesford-james,Hawkesford James,01795 437777,"26 West Street Sittingbourne Kent ME10 1AP, United Kingdom",www.hawkesfordjames.com,N/A,N/A
https://www.yelu.uk/company/1193088/home-counties-estate-agents-ltd,Home Counties Estate Agents Ltd,01707828728,"108 High Street, Hereford, Hertfordshire, United Kingdom",www.home-counties.com,N/A,N/A
https://www.yelu.uk/company/1196378/hootons,Hootons,+44 01179339915,"The Coach House, 1 Hurle Road, Clifton, Bristol, United Kingdom",www.hootons.co.uk/,1-5,1993
https://www.yelu.uk/company/1188331/horizons-estate-agents,Horizons Estate Agents,0208 808 9368,"124 Philip Lane Tottenham / Seven Sisters London N15 4JL, United Kingdom",www.horizons-estateagents.co.uk,N/A,N/A
https://www.yelu.uk/company/1196343/inspired-property-hub-ltd,Inspired Property Hub Ltd,01424 44 44 22,"2-6 Sedlescombe Road North, St Leonards-on-sea, Hastings, Sussex, United Kingdom",www.inspiredhub.co.uk,6-10,2000
https://www.yelu.uk/company/1194803/investment-property-at-henley-consultants-ltd,Investment Property at Henley Consultants ltd,+44 (0) 1708 922222,"3rd Floor, New North House, Ongar Road, Brentwood, Essex, United Kingdom",henleyconsultants.co.uk/,51-100,2011
https://www.yelu.uk/company/1191677/john-miller,John Miller,0121 794 3340,"386 High Street, West Bromwich, West Midlands, United Kingdom",www.johnmiller.co.uk,N/A,N/A
https://www.yelu.uk/company/1188013/londragruppoimmobiliarecom,londra.gruppoimmobiliare.com,+44 (0) 203 608 7932,"39 Great Widmill Street  W1S 7LX , UK, London, London, United Kingdom",londra.gruppoimmobiliare.com/,N/A,N/A
https://www.yelu.uk/company/1192175/luxury-villas-marbella,Luxury Villas Marbella,692807756,"London city, United Kingdom",www.marbella-real-estate.es,N/A,N/A
https://www.yelu.uk/company/1196587/m2-real-estate,M2 Real Estate,+44206657424,"WEST END - (W1J 6BD), London, United Kingdom",m2-estate.com/en/,1-5,2017
https://www.yelu.uk/company/1196585/my-home-agent,My Home Agent,+441923 551024,"Fuller Road, Watford, United Kingdom",myhomeagent.co.uk,1-5,2023
https://www.yelu.uk/company/1192652/online-estate-agents-bristol,Online Estate Agents Bristol,0161 238 8915,"Henleaze House, Harbury Road, Henleaze, Bristol, United Kingdom",onlineestateagentsbristol.co.uk/,N/A,N/A
https://www.yelu.uk/company/1190616/outlet-property-services-soho,Outlet Property Services Soho,020 7287 4244,"32 Old Compton St, London, United Kingdom",www.outlet4property.com/Content/Soho-Estate-Agents.aspx,N/A,N/A
https://www.yelu.uk/company/1190618/outlet-property-services-whitechapel,Outlet Property Services Whitechapel,020 3696 4144,"45A Turner St, London, United Kingdom",www.outlet4property.com/Content/Whitechapel-Estate-Agents.aspx,N/A,N/A
https://www.yelu.uk/company/1193476/payne-associates-balsall-common,Payne Associates - Balsall Common,01676 938888,"299 Kenilworth Rd, Balsall Common, Coventry, United Kingdom",payne-cov.com/,N/A,N/A
https://www.yelu.uk/company/1193896/payne-associates,Payne Associates,024 7622 2022,"20 New Union Street, Coventry, United Kingdom",payne-cov.com/,51-100,2011
https://www.yelu.uk/company/1194208/peter-richardson-estates-shrewsbury,Peter Richardson Estates Shrewsbury,01743730008,"31-33 Riverside Shopping Centre, Shaftesbury, Shropshire, United Kingdom",www.peterrichardsons.co.uk/shrewsbury,1-5,2001
https://www.yelu.uk/company/1190688/phaseone-property-services,Phaseone Property Services,01424760034,"Napier House Elva Way, United Kingdom",phaseoneps.com,N/A,N/A
https://www.yelu.uk/company/1195813/portico,Portico,020 7731 7788,"843 Fulham Road, SW6 5HJ, UK, London, United Kingdom",www.portico.com/fulham/estate-agents,26-50,1990
https://www.yelu.uk/company/1187549/property-saviour,Property saviour,01133206700,"1a Ash Lane Business Park, Ash Lane, Garforth, Leeds, York, United Kingdom",propertysaviour.co.uk/,N/A,N/A
https://www.yelu.uk/company/1187710/property-fortune,Property Fortune,0844 809 4922,"Berkeley Square House, Berkeley Square, London, W1J 6BD, United Kingdom",propertyfortune.co.uk,1-5,N/A
https://www.yelu.uk/company/1194679/proper-local,Proper Local,02032823733,"Proper Local E14, 40 Bank Street, Canary Wharf, London, London, United Kingdom",www.properlocal.co.uk,1-5,2001
https://www.yelu.uk/company/1194701/property-sold,Property Sold,08000126896,"110 Golden Cross Lane, Bromley, Worcestershire, United Kingdom",www.property-sold.co.uk/,16-25,2001
https://www.yelu.uk/company/1184842/red-clam-ltd,Red Clam Ltd,01483 407600,"Red Clam Ltd. Poyle House, Guildford, Surrey, United Kingdom",www.redclam.co.uk/,N/A,2008
https://www.yelu.uk/company/1196534/rm-mortgage-solutions-limited,RM MORTGAGE SOLUTIONS LIMITED,+441827818434,"Little Sutton Lane, Sutton Coldfield , Birmingham, United Kingdom",www.rmmortgagesolutions.co.uk/,1-5,2012
https://www.yelu.uk/company/1188598/statons,Statons,020 8441 9796,"204 High Street, Hadley Green, Barnet, Hertfordshire, United Kingdom",www.statons.com/,N/A,N/A
https://www.yelu.uk/company/1185250/stephen-james-estate-agents,Stephen James Estate Agents,02087612120,"493 Norwood Road,West Norwood, London, United Kingdom",www.stephenjamesestates.com,N/A,N/A
https://www.yelu.uk/company/1192651/the-letting-game,The Letting Game,01179898215,"Henleaze House, Harbury Road, Henleaze, Bristol, United Kingdom",www.thelettinggame.co.uk/,N/A,N/A
https://www.yelu.uk/company/1194015/tupello-property-services,Tupello Property Services,0121 602 7006,"7 Alvechurch Road, Halesowen, United Kingdom",www.tupellopropertyservices.co.uk/,101-200,2011
https://www.yelu.uk/company/1196356/vh-homes,V&H Homes,01372 221 678,"35 The Street, Ashtead, Surrey, United Kingdom",vhhomes.co.uk/,1-5,2017
https://www.yelu.uk/company/1190876/vri-homes,VRI HOMES,732-719-2211,"london city, United Kingdom",vrihomes.com/,N/A,N/A
https://www.yelu.uk/company/1189795/wa-barnes,WA Barnes,01623 554084,"WA Barnes LLP, Portland Square, London, Nottinghamshire, United Kingdom",www.wabarnes.co.uk,N/A,N/A
https://www.yelu.uk/company/1194300/wa-barnes,WA Barnes,01623554084,"WA Barnes LLP, Portland Square, Sutton, Nottinghamshire, United Kingdom",www.wabarnes.co.uk/,6-10,1932
https://www.yelu.uk/company/1187481/youhome,YOUhome,020 7908 9280,"First Floor, 121 Notting Hill Gate, Kensington and Chelsea, London, United Kingdom",www.youhome.co.uk/offices/notting-hill,N/A,2007
https://www.yelu.uk/company/1190201/your-survey-surveyors,Your survey surveyors,0845 299 6304,"243 Liverpool Road, Irlam, Manchester, United Kingdom",www.yoursurveysurveyors.co.uk/,N/A,N/A
https://www.yelu.uk/company/1193422/carlyco-estate-agents,Carly & Co Estate Agents,01173327532,"51 Long Mead, Yate, Bristol, United Kingdom",www.carlyandco.uk,N/A,N/A
https://www.yelu.uk/company/1189487/cash4houses-glasgow,Cash4houses Glasgow,08006127917,"Office 3, 6 kingsway North, United Kingdom",www.cash4housesglasgow.co.uk,N/A,N/A
https://www.yelu.uk/company/1187688/good-move,Good Move,01133365183,"1 City Square, Leeds, York, United Kingdom",www.goodmove.co.uk/,N/A,N/A
https://www.yelu.uk/company/1183518/j-bird,J. Bird,02088514167,"JBRL Ltd, London, London, United Kingdom",www.jbrl.co.uk,11-15,2000
https://www.yelu.uk/company/1187916/open-house-chester,Open House Chester,01244794049,"29 high street, Cheshire, United Kingdom",www.openhousechester.co.uk,N/A,N/A
https://www.yelu.uk/company/1187213/quest-estate-agents,Quest Estate Agents,01923 750005,"New Colledge House, 2 Nascot Street, Watford, Hertfordshire, United Kingdom",www.questestateagents.co.uk,N/A,N/A
https://www.yelu.uk/company/1193167/ready-steady-sold-uk,Ready Steady Sold (UK),N/A,"Office 3, 6 Kingsway North, Team Valley Trading Estate, Gateshead, Tyne and Wear, United Kingdom",www.readysteadysold.co.uk,N/A,N/A
https://www.yelu.uk/company/1183127/rynda-properties,Rynda Properties,2033284700,"Rynda Properties, Beaconsfield, Bedfordshire, United Kingdom",www.ryndaproperty.com,16-25,2000
https://www.yelu.uk/company/1190208/strada-estate-agents-llp,Strada Estate Agents LLP,01245276276,"9 Soresby Street, Chesterfield, Derbyshire, United Kingdom",www.stradaestates.co.uk/,N/A,N/A
https://www.yelu.uk/company/1194403/agent-green,Agent Green,0800862 0022,"43 East Street, Bromley, Kent, United Kingdom",www.agentgreen.co.uk,11-15,2008
https://www.yelu.uk/company/1186068/aidan-j-reed,Aidan J Reed,01509 610 032,"10 Forest Road, 	Loughborough, Leicestershire, United Kingdom",www.aidanjreed.co.uk/,N/A,N/A
https://www.yelu.uk/company/1186576/alexander-may-estate-agentsletting-agents,Alexander May Estate Agents & Letting Agents,01275 393956,"50 Weston Road Long Ashton, Bristol, Bristol, United Kingdom",www.alexandermay.co.uk,N/A,N/A
https://www.yelu.uk/company/1187603/alexander-may-estate-agentsletting-agents-clifton,Alexander May Estate Agents & Letting Agents - Clifton,06621411,"35 Regent Street, Bristol, United Kingdom",alexandermay.co.uk,N/A,N/A
https://www.yelu.uk/company/1187802/alexander-may-estate-agentsletting-agents,Alexander May Estate Agents & Letting Agents,0117 974 4766,"35 Regent Street, Bristol, United Kingdom",www.alexandermay.co.uk/,N/A,N/A
https://www.yelu.uk/company/1194768/allcare-properties,AllCare Properties,02088639500,"1B Manor Parade Sheepcote Road, Harrow, London, United Kingdom",www.allcareproperties.co.uk,1-5,2016
https://www.yelu.uk/company/718465/anthony-sharpeco,Anthony Sharpe & Co,0113 269 0444,"4 Allerton Hill Chapel Allerton Leeds, West Riding, United Kingdom",N/A,N/A,N/A
https://www.yelu.uk/company/1184615/barton-wyatt,Barton Wyatt,441344843000,"The Estate Office, 2 Station Approach, Verwood, Surrey, United Kingdom",www.bartonwyatt.co.uk,6-10,1960
https://www.yelu.uk/company/1185888/belvoir-newbury,Belvoir Newbury,01635 888 288,"54 Northbrook Street, Newbury, Berkshire, United Kingdom",www.belvoir.co.uk/letting-agents-newbury,N/A,N/A
https://www.yelu.uk/company/1181781/bridgfords,Bridgfords,0161 956 2228,"2-10 Albert Square, Manchester, Lancashire, United Kingdom",www.bridgfords.co.uk/forsaleoffice/City-Centre/386/,51-100,1920
https://www.yelu.uk/company/1181782/bridgfords,Bridgfords,0161 956 2224,"135 Chorley Road, Manchester, Lancashire, United Kingdom",www.bridgfords.co.uk/forsaleoffice/Swinton/408/,51-100,1920
https://www.yelu.uk/company/1181783/bridgfords,Bridgfords,0161 956 2225,"140 Bury Old Road, Manchester, Lancashire, United Kingdom",www.bridgfords.co.uk/forsaleoffice/Whitefield/505/,51-100,1920
https://www.yelu.uk/company/1181784/bridgfords,Bridgfords,0161 956 2209,"731 Wilmslow Road, Manchester, Lancashire, United Kingdom",www.bridgfords.co.uk/forsaleoffice/Didsbury/388/,51-100,N/A
https://www.yelu.uk/company/1181786/bridgfords,Bridgfords,0161 956 2212,"416 Wilmslow Road, Manchester, Lancashire, United Kingdom",www.bridgfords.co.uk/forsaleoffice/Withington/413/,N/A,N/A
https://www.yelu.uk/company/1181787/bridgfords,Bridgfords,0161 956 2234,"88 School Road, Manchester, Lancashire, United Kingdom",www.bridgfords.co.uk/forsaleoffice/Sale/404/,N/A,N/A
https://www.yelu.uk/company/1181788/bridgfords,Bridgfords,0161 956 2221,"9b, Crofts Bank Road, Manchester, Lancashire, United Kingdom",www.bridgfords.co.uk/forsaleoffice/Urmston/409/,N/A,N/A
https://www.yelu.uk/company/1187599/brinkleys-estate-agents,Brinkley's Estate Agents,020 3817 6888,"Beaumont House Raynes Park, London, United Kingdom",www.brinkleys.co.uk,N/A,N/A
https://www.yelu.uk/company/1183895/churchs-estate-agents,Church's Estate Agents,020 8805 8533,"248 Hertford Road Enfield Middlesex EN3 5BL, United Kingdom",www.churchsproperty.co.uk,N/A,N/A
https://www.yelu.uk/company/1193675/claremont-property-group,Claremont property group,0121 236 3310,"32 george street, Birmingham, United Kingdom",claremontgroup.co.uk/,16-25,1999
https://www.yelu.uk/company/1187910/connect-property-management-ltd,Connect Property Management Ltd,0141 632 2250,"237 Kilmarnock Road, Glasgow, United Kingdom",www.connectmanagement.co.uk/,N/A,N/A
https://www.yelu.uk/company/1192965/cooke-curtis-and-co-llp,Cooke Curtis and Co LLP,01223508050,"40 High Street, Cambridge, Cambridgeshire, United Kingdom",www.cookecurtis.co.uk,N/A,N/A
https://www.yelu.uk/company/1191510/cricketts-estate-agents,Cricketts Estate Agents,01635 43333,"14 The Broadway, The Broadway, RG14 1BA, Newbury, Berkshire, United Kingdom",www.cricketts.co.uk,6-10,2003
https://www.yelu.uk/company/1183932/dg-property-consultants,DG Property Consultants,01582 580500,"5E Riddy Lane Luton Bedfordshire LU3 2AD, United Kingdom",www.dgpropertyconsultants.co.uk/,N/A,N/A
https://www.yelu.uk/company/1187167/eccles-lettings,Eccles Lettings,0161 818 8934,"17 Thorp Street,Eccles, Manchester, United Kingdom",www.eccleslettings.co.uk,N/A,N/A
https://www.yelu.uk/company/1185451/evans-and-partridge,Evans and Partridge.,01264 810702,"Agriculture House High street Stockbridge Hampshire SO20 6HF, United Kingdom",www.evansandpartridge.co.uk,N/A,N/A
https://www.yelu.uk/company/1187608/evans-and-partridge,Evans and Partridge,01264 810702,"Agriculture House,High street, Hampshire, United Kingdom",www.evansandpartridge.co.uk/,1-5,2015
https://www.yelu.uk/company/1186530/foster-lewis-and-co,Foster Lewis and Co,024 7659 2929,"94B Barkers Butts Lane, Coventry, Warwickshire, United Kingdom",www.fosterlewisandco.com,N/A,N/A
https://www.yelu.uk/company/1188450/hap-lettings,HAP Lettings,0141 345 2010,"362 Great Western Rd, Glasgow, Lancashire, United Kingdom",www.haplettings.co.uk/,N/A,N/A
https://www.yelu.uk/company/1185660/holland-broadbridge,Holland Broadbridge,01743 357000,"Agriculture House 5 Barker Street Shrewsbury Shropshire SY1 1QJ, United Kingdom",www.hbshrop.co.uk,N/A,N/A
https://www.yelu.uk/company/1187117/indigo-12,Indigo 12,01273 386216,"3rd Floor Queensberry House 106 Queens Road, Brighton, United Kingdom",www.indigo12.co.uk/report.html,N/A,N/A
https://www.yelu.uk/company/1188269/intelirent-estates,Intelirent Estates,01206 435 099,"Office B, Stable 7, Stable Road, Colchester, Essex, United Kingdom",intelirent.co.uk/,1-5,2010
https://www.yelu.uk/company/1181944/lets-go-professional-ltd,Lets Go Professional Ltd,01274562086,"Weavers Cottage, 830 Harrogate Road, Bradford, United Kingdom",www.letsgoprofessional.co.uk,N/A,N/A
https://www.yelu.uk/company/1195118/marigold-investment-properties,Marigold Investment Properties,0207 993 2297,"Middlesex House, Edgware, London, United Kingdom",www.marigoldinvestmentproperties.com,11-15,2010
https://www.yelu.uk/company/1184091/mc-homes-realty-inc,"MC Homes Realty, Inc.",727-432-2181,"111 2nd Ave NE - Suite 900, United Kingdom",www.mchomesrealty.com,N/A,N/A
https://www.yelu.uk/company/1186375/move-merseyside,Move Merseyside,N/A,"16 Greenes Road Whiston, Liverpool, London, United Kingdom",www.movemerseyside.com/,N/A,N/A
https://www.yelu.uk/company/1183139/national-property-trade,National Property Trade,+44 20 7801 4141,"3 Leeward House, Plantation Wharf, London, London, United Kingdom",www.nptquickhousesale.co.uk/,N/A,N/A
https://www.yelu.uk/company/1192852/northwood-salesletting-agents-bristol,Northwood - Sales & Letting Agents Bristol,01179635888,"271 North Street, Southville, Bristol, United Kingdom",www.northwooduk.com/branches/bristol-estate-agents,N/A,N/A
https://www.yelu.uk/company/1185819/open-house-wigan,Open House Wigan,01942 396589,"42 Fairman Dr,Hindley,Wigan, Manchester, Lancashire, United Kingdom",www.openhousewigan.com/,N/A,N/A
https://www.yelu.uk/company/1187609/parry-and-drewett,Parry and Drewett,020 8949 0955,"21 High Street,, New Malden, Surrey, United Kingdom",parryanddrewett.com/,N/A,N/A
https://www.yelu.uk/company/1189722/parry-and-drewett,Parry and Drewett,020 8949 0955,"21 High Street, New Malden, Surrey, United Kingdom",parryanddrewett.com,N/A,N/A
https://www.yelu.uk/company/1185217/propertyestate-agent-franchise-opportunities,Property & Estate Agent Franchise Opportunities,441422400700,"Cavendish House Littlewood Drive, London, London, United Kingdom",www.ewemove.com/estate-agency-franchise/,N/A,N/A
https://www.yelu.uk/company/1190143/quick-cash-property-purchase,Quick Cash Property Purchase#,08000850441,"Stockport Road, Manchester, United Kingdom",quickcashpropertypurchase.co.uk/,N/A,N/A
https://www.yelu.uk/company/1181965/radcliffe-and-rust-ltd,Radcliffe and Rust Ltd,(0)1223307898,"Beason Rise, 150 Newmarket Road, Cambridge, CB5 8AX, Cambridgeshire, United Kingdom",www.radcliffeandrust.co.uk,N/A,N/A
https://www.yelu.uk/company/1182315/reside-quick-search-estate-agents-new-cross,Reside - Quick Search Estate Agents New Cross,020 7639 3366,"257r New Cross Road, London, United Kingdom",www.reside.co.uk/,N/A,N/A
https://www.yelu.uk/company/1185511/sell-your-house-manchester,Sell Your House Manchester,0800-8085552,"132-134 Great Ancoats Street, Manchester, Lancashire, United Kingdom",www.sellurhousemanchester.co.uk,26-50,1985
https://www.yelu.uk/company/1184339/steve-austin-homes,Steve Austin Homes,801-719-6764,"1604 West Hill Field Road Suite 102, Layton, UT 84041, United Kingdom",steveaustinhomes.com,N/A,2003
https://www.yelu.uk/company/1185946/temme-english,Temme English,01206 578112,"7 Middleborough Colchester Essex CO1 1QT, United Kingdom",www.temmeenglish.co.uk,N/A,N/A
https://www.yelu.uk/company/1187600/touchstone-loft-conversions-london,Touchstone Loft Conversions London,0800 881 8194,"2 Watchfield Court,Sutton Court Road, London, United Kingdom",touchstonelofts.co.uk/,N/A,N/A
https://www.yelu.uk/company/1187844/touchstone-lofts,Touchstone Lofts,0207 870 1117,"2 Watchfield Court, Sutton Court Road, London, United Kingdom",www.touchstonelofts.co.uk,N/A,N/A
https://www.yelu.uk/company/1187241/urmston-lettings,Urmston Lettings,0161 818 6001,"Roseneath Road,Urmston, Manchester, United Kingdom",www.urmstonlettings.co.uk,N/A,N/A
https://www.yelu.uk/company/715845/ashley-martinco-ltd,Ashley Martin & Co. Ltd.,020 8381 1883,"43 South Parade, HA8 5QL, Middlesex, Edgware, United Kingdom",N/A,N/A,N/A
https://www.yelu.uk/company/1186127/ideal-homes-portugal,Ideal homes Portugal,N/A,"Aldeamento Vilanova 22-25 Finsbury Square, London, London, United Kingdom",www.idealhomesportugal.com/,N/A,N/A
https://www.yelu.uk/company/1193653/ready-steady-sell,Ready Steady Sell,01912835848,"Office 1, Team Valley Business Centre, Team Valley Trading Estate, Gateshead, Tyne and Wear NE11 0QH, United Kingdom",N/A,6-10,2001
https://www.yelu.uk/company/1186302/thomas-cheshire-estate-agents,Thomas Cheshire Estate Agents,N/A,"Coxes Farm Yard, Liverpool, Essex, United Kingdom",www.thomascheshire.co.uk/,N/A,N/A
https://www.yelu.uk/company/1186816/luxury-development-in-surrey,Luxury Development in Surrey,0203 411 6222,"Grapes House, 79a High Street, Esher, Surrey, United Kingdom",lucien.co.uk/,N/A,N/A
https://www.yelu.uk/company/1186276/flats-to-rent-in-luton-town-centre,Flats to Rent in Luton Town Centre,N/A,"Princess Street,, Luton, Bedfordshire, United Kingdom",www.LutonFlats.com/rent-apartments-town-centre,N/A,N/A
https://www.yelu.uk/company/1184256/simonburthomes,SimonBurtHomes,01217054040,"Malvern House,New Road Solihull,West Midlands B91 3DL, United Kingdom",N/A,N/A,N/A
https://www.yelu.uk/company/224336/brinkleys,Brinkley's Estate Agents,+44 20 8785 3652,"168 Putney High Street, London, Greater London SW15 1RS, United Kingdom",brinkleys.co.uk,N/A,N/A
https://www.yelu.uk/company/224596/collins-estate-agents,Collins Estate Agents,020 8519 2900,"316 Romford Road, Forest Gate, E7 8BD, London, London, United Kingdom",N/A,N/A,1986
https://www.yelu.uk/company/1187341/mylandclaimcom-inc,iiiiiiiiiiiiiiiiiii,N/A,"iiiiiiiiiiiiiiiii, London, London, United Kingdom",N/A,N/A,N/A
https://www.yelu.uk/company/1182389/sellpropertyfastcashcouk,SellPropertyFastCash.co.uk,0845 4597088,"Kemp House, 152-160 City Road, London, United Kingdom",N/A,N/A,N/A
https://www.yelu.uk/company/1192648/boardwalk-property-co,Boardwalk Property Co,0117 9898 222,"Henleaze House, Harbury Road, Henleaze, Bristol, United Kingdom",www.boardwalkpropertyco.com/,N/A,N/A
https://www.yelu.uk/company/1195457/centrick,Centrick,0121 347 6116,"102 Colmore Row, Birmingham, Warwickshire, United Kingdom",centrick.co.uk/,51-100,2006
https://www.yelu.uk/company/1195295/complete-residential-lettings-ltd,Complete Residential Lettings Ltd,024 7667 9333,"49b Allesley Old Road, Chapelfield, Coventry, Warwickshire, United Kingdom",www.lets-complete.com/,51-100,2004
https://www.yelu.uk/company/711217/elias-altrincham-properties,Elias Altrincham Properties,+44 161 928 7171,"1 Ashley Rd,  WA14 2DT, Altrincham, Cheshire, United Kingdom",N/A,N/A,N/A
https://www.yelu.uk/company/1188460/locate-in-kent,Locate in Kent,01732 520700,"35 Kings Hill Avenue, West Malling, Kent, United Kingdom",locateinkent.com/,6-10,1997
https://www.yelu.uk/company/1182696/martyn-russell,Martyn Russell,0118 926 6655,"3 Church Road Earley, Reading, Berkshire, United Kingdom",www.martynrussell.co.uk,N/A,N/A
https://www.yelu.uk/company/1192888/sell-overseas-property,Sell Overseas Property,020 8050 1464,"Regent Street, London, United Kingdom",www.selloverseasproperty4cash.com/,N/A,N/A
https://www.yelu.uk/company/1195712/simply-homescouk,Simply-homes.co.uk,01992 558557,"15 Fore St, Hereford, Herefordshire, United Kingdom",simply-homes.co.uk,6-10,2017
https://www.yelu.uk/company/1188170/spanish-legal-homes,Spanish Legal Homes,01202 971614,"1 Western Road, Poole, Dorset, United Kingdom",www.spanishlegalhomes.com,26-50,1985
https://www.yelu.uk/company/1195976/west-coast-cyprus-properites,West Coast Cyprus Properites,+35726222391,"West Coast Cyprus, London, London, United Kingdom",www.westcoastcyprus.com/,1-5,2018
https://www.yelu.uk/company/1191458/welcome-to-tradinghousescouk,Welcome to Tradinghouses.co.uk,N/A,"London city, United Kingdom",www.tradinghouses.co.uk/,N/A,N/A
https://www.yelu.uk/company/1194316/belvoir-lettings-agency-swansea,Belvoir Lettings Agency Swansea,+44 1792 461929,"29 Castle Street, Swansea, Wales, SA1 1HY, West Glamorgan, United Kingdom",plus.google.com/117211753951867611487/about,26-50,2016
https://www.yelu.uk/company/1192899/cash-for-overseas-property,Cash For Overseas Property,02080501464,"Cash For Overseas Property, London, London, United Kingdom",www.selloverseasproperty4cash.com/,1-5,2009
https://www.yelu.uk/company/1192967/cash-for-overseas-property,Cash for Overseas Property,020 8050 1464,"Regent Street, London, London, United Kingdom",www.selloverseasproperty4cash.com,N/A,N/A
https://www.yelu.uk/company/718391/darvillbaker-ltd,Darvill & Baker Ltd.,01527 543772,"5 Shelley Close, B97 5BE, Redditch, Worcestershire, United Kingdom",N/A,N/A,N/A
https://www.yelu.uk/company/1187580/gb-property,GB Property,0800 612 6857,"25 Grays Court,Barrow Upon Soar, Lincolnshire, United Kingdom",gbproperty.net,N/A,N/A
https://www.yelu.uk/company/716732/lauranceco,Laurance & Co,+44 114 255 4571,"166 Sharrow Lane, S11 8AR, South Yorkshire, Sheffield, United Kingdom",N/A,N/A,N/A
https://www.yelu.uk/company/326688/mcalindon-partnership,McAlindon Partnership,01475 676290,"40-42 Charles Street, KA30 8HL, Ayrshire, Largs, United Kingdom",N/A,N/A,N/A
https://www.yelu.uk/company/711690/patterson-miller-chartered-surveyors,Patterson Miller Chartered Surveyors,02890 428292,"Allied House, BT18 9DP, County Down, Holywood, United Kingdom",N/A,N/A,N/A
https://www.yelu.uk/company/712788/the-bungalow-centre,The Bungalow Centre,01202 582460,"163 Tuckton Road, BH6 3LA, Bournemouth, Dorset, United Kingdom",N/A,N/A,N/A
https://www.yelu.uk/company/1190476/lovepad-property-blog,LovePad Property Blog,N/A,"London City, United Kingdom",www.lovepad.co.uk/blog/,N/A,N/A
https://www.yelu.uk/company/226366/robert-alan-homes,Robert Alan Homes,020 8986 2222,"170 Victoria Park Road, Homerton, E9 7HD, London, United Kingdom",N/A,N/A,N/A
https://www.yelu.uk/company/226722/tk-international,TK International,020 7794 8700,"16-20 Heath Street, Hampstead, NW3 6TE, London, United Kingdom",N/A,N/A,N/A
https://www.yelu.uk/company/718140/aaa-property-co,AAA PROPERTY CO,02476 444424,"76 WALSGRAVE RD, CV2 4ED, West Midlands, Coventry, United Kingdom",N/A,N/A,N/A
https://www.yelu.uk/company/717674/a-a-k-properties,A A K Properties,01912 866977,"Kingston House, 12 Kingston Park Centre, NE3 2FP, Tyne And Wear, Newcastle upon Tyne, United Kingdom",N/A,N/A,N/A
https://www.yelu.uk/company/223842/a-and-m-estate-agents,A and M Estate agents,020 7720 0228,"405 Wandsworth Road, Battersea, SW8 2JP, London, United Kingdom",N/A,N/A,N/A
https://www.yelu.uk/company/951227/a-and-s-properties,A and S properties,07966 455084,"43A, Briton Street, LE3 0AA, Leicester, Leicestershire, United Kingdom",N/A,N/A,N/A
https://www.yelu.uk/company/223841/a-a-property-services,A A Property Services,020 7794 6559,"400 Finchley Road, Cricklewood, NW2 2HZ, London, United Kingdom",N/A,N/A,N/A
https://www.yelu.uk/company/862474/aa-property-serviceslettings,AA Property Services & Lettings,0843 257 0985,"3 Melrose Place, BS8 2NQ, County Of Bristol, United Kingdom",N/A,N/A,N/A
https://www.yelu.uk/company/712011/aaron-properties-ltd,Aaron Properties Ltd.,0117 940 6640,"Monarch House, Smyth Road, BS3 2BX, County Of Bristol, United Kingdom",N/A,N/A,N/A
https://www.yelu.uk/company/715312/aaron-management-services-ltd,Aaron Management Services Ltd.,0161 707 0545,"Green Lane, Patricroft, M30 0SN, Manchester, Lancashire, United Kingdom",N/A,N/A,N/A
https://www.yelu.uk/company/223848/abacus-estates,Abacus Estates,020 7431 3777,"303 West End Lane, Hampstead, NW6 1RD, London, United Kingdom",N/A,N/A,N/A
https://www.yelu.uk/company/223849/abatoria,Abatoria,020 7488 2020,"10 New Crane Place, Limehouse, E1W 3TU, London, United Kingdom",N/A,N/A,N/A
https://www.yelu.uk/company/710962/a-bartlettsons,A Bartlett & Sons,01354 692685,"Great Acre Fen, PE16 6AG, Chatteris, Cambridgeshire, United Kingdom",N/A,N/A,N/A
https://www.yelu.uk/company/711087/abacus-accommodation-agency,Abacus Accommodation Agency,01978 312220,"Unit B1, Bersham Enterprise Centre, LL14 4EG, Clwyd, Wrexham, United Kingdom",N/A,N/A,N/A
https://www.yelu.uk/company/711461/abacus-sigma-ltd,Abacus Sigma Ltd.,02890 760517,"Machan Lodge, BT4 2NP, County Antrim, Belfast, United Kingdom",N/A,N/A,N/A
https://www.yelu.uk/company/712828/a-b-a-property-management-ltd,A B A Property Management Ltd.,01970 617800,"28 North Parade, SY23 2NF, Dyfed, Aberystwyth, United Kingdom",N/A,N/A,N/A
https://www.yelu.uk/company/714488/abaar-propertydevelopment-ltd,Abaar Property & Development Ltd.,0151 632 3361,"38 Majestic Drive, Onchan, IM3 2JL, Isle Of Man, Isle Of Man, United Kingdom",N/A,N/A,N/A
https://www.yelu.uk/company/716399/a-batten-developments-ltd,A Batten (Developments) Ltd.,01463 870101,"Fairway, Great North Road, IV6 7SY, Muir Of Ord, Ross-shire, United Kingdom",N/A,N/A,N/A
https://www.yelu.uk/company/716475/abacan-properties-ltd,Abacan Properties Ltd.,029 2048 2653,"Bay Chambers, CF10 5GG, South Glamorgan, Cardiff, United Kingdom",N/A,N/A,N/A
https://www.yelu.uk/company/223850/abba-property-services,Abba Property Services,020 8221 8070,"88 West Green Road, West Green, N15 5NS, London, United Kingdom",N/A,N/A,N/A
https://www.yelu.uk/company/223851/abbey-estate,Abbey Estate,020 8640 9900,"38  Road, Tooting, SW17 9HP, London, United Kingdom",N/A,N/A,N/A
https://www.yelu.uk/company/223852/abbey-estate-agents,Abbey Estate Agents,0845 130 2353,"113 Upminster Road South, Town CentreRainham, RM13 9AA, London, United Kingdom",N/A,N/A,N/A
https://www.yelu.uk/company/223853/abbey-estate-agents,Abbey Estate Agents,020 8540 2299,"85 The Broadway, Merton, SW19 1QE, London, United Kingdom",N/A,N/A,N/A
https://www.yelu.uk/company/223854/abbey-homes,Abbey Homes,020 8691 4755,"1B Florence Road, New Cross, SE14 6TW, London, United Kingdom",N/A,N/A,N/A
https://www.yelu.uk/company/223855/abbey-letssales,Abbey Lets & Sales,020 7498 0888,"350 South Lambeth Road, Vauxhall, SW8 1UQ, London, United Kingdom",N/A,N/A,N/A
https://www.yelu.uk/company/223856/abbotts-estate-agents,Abbotts Estate Agents,01708 449802,"11 North Street, Town CentreHornchurch, RM11 1RL, London, United Kingdom",N/A,N/A,N/A
https://www.yelu.uk/company/223857/abbotts-estate-agents,Abbotts Estate Agents,020 8551 0117,"70 High Street, BarkingsideIlford, IG6 2DJ, London, United Kingdom",N/A,N/A,N/A
https://www.yelu.uk/company/223858/abbotts-estate-agents,Abbotts Estate Agents,020 8554 3140,"87 Cranbrook Road, Town CentreIlford, IG1 4PG, London, United Kingdom",N/A,N/A,N/A
https://www.yelu.uk/company/223859/abbotts-estate-agents,Abbotts Estate Agents,01708 755333,"165-167 South Street, Town CentreRomford, RM1 1PS, London, United Kingdom",N/A,N/A,N/A
https://www.yelu.uk/company/223860/abbotts-estate-agents,Abbotts Estate Agents,020 8505 2204,"149 High Road, Town CentreLoughton, IG10 4LZ, London, United Kingdom",N/A,N/A,N/A
https://www.yelu.uk/company/223861/abbyard-betz,Abbyard-Betz,020 8765 0252,"245 Northborough Road, Streatham, SW16 4TR, London, United Kingdom",N/A,N/A,N/A
https://www.yelu.uk/company/710727/abbcott-estates-ltd,Abbcott Estates Ltd.,01494 681848,"23 Gregories Road, HP9 1HH, Beaconsfield, Buckinghamshire, United Kingdom",N/A,N/A,N/A
https://www.yelu.uk/company/712012/abbott-mansonco,Abbott Manson & Co,01454 772223,"85 High St, BS36 1RA, County Of Bristol, United Kingdom",N/A,N/A,N/A
https://www.yelu.uk/company/712388/abbots-vale-management-co-ltd,Abbots Vale Management Co. Ltd.,01392 259395,"20 Queen Street, EX4 3SN, Exeter, Devon, United Kingdom",N/A,N/A,N/A
https://www.yelu.uk/company/713039/abbey-gate-property-management,Abbey Gate Property Management,01424 772477,"12-13 High Street, TN33 0AE, Battle, East Sussex, United Kingdom",N/A,N/A,N/A
https://www.yelu.uk/company/713295/abbots-countrywide,Abbots Countrywide,01206 322811,"High Street, CO7 6DE, Colchester, Essex, United Kingdom",N/A,N/A,N/A
https://www.yelu.uk/company/714186/abbey-theatre,Abbey Theatre,01727 847472,"Westminster Lodge, Holywell Hill, AL1 2DL, Hertfordshire, United Kingdom",N/A,N/A,N/A
https://www.yelu.uk/company/714517/abbots-close-residents-association-ltd,Abbots Close Residents Association Ltd.,01983 615031,"10 Abbots Close, PO33 4EP, Isle Of Wight, Ryde, United Kingdom",N/A,N/A,N/A
https://www.yelu.uk/company/714574/abbott-bros-kent-ltd,Abbott Bros (Kent) Ltd.,01227 762280,"The Old Stables, Lower Chantry Lane, CT1 1UF, Canterbury, Kent, United Kingdom",N/A,N/A,N/A
https://www.yelu.uk/company/715313/abbey-rentals-ltd,Abbey Rentals Ltd.,0161 832 8721,"Harvester House, 37 Peter Street, M2 5QD, Manchester, Lancashire, United Kingdom",N/A,N/A,N/A
https://www.yelu.uk/company/715956/abbotts-new-homes,Abbotts New Homes,01603 614615,"11 Upper King St, NR3 1RB, Norwich, Norfolk, United Kingdom",N/A,N/A,N/A
https://www.yelu.uk/company/716476/abbeville-mews-management-ltd,Abbeville Mews Management Ltd.,020 7498 0101,"Icc House, 110 Whitchurch Road, CF14 3LY, South Glamorgan, Cardiff, United Kingdom",N/A,N/A,N/A
https://www.yelu.uk/company/716549/abbey-manor-property-holdings-ltd,Abbey Manor Property Holdings Ltd.,01935 424251,"The Abbey, Preston Road, BA20 2EN, Yeovil, Somerset, United Kingdom",N/A,N/A,N/A
https://www.yelu.uk/company/717530/abbeygate-developments-dunstable-2-ltd,Abbeygate Developments (Dunstable 2) Ltd.,01473 220022,"Radford House, 54 St Johns Street, IP33 1SP, Bury St. Edmunds, Suffolk, United Kingdom",N/A,N/A,N/A
https://www.yelu.uk/company/717531/abbotts-countrywide,Abbotts Countrywide,01986 875357,"59 Thoroughfare, IP19 8AR, Halesworth, Suffolk, United Kingdom",N/A,N/A,N/A
https://www.yelu.uk/company/717532/abbotts-estate-agentsfinancial-services,Abbotts Estate Agents & Financial Services,01638 713056,"39 King Street, IP28 7EZ, Bury St. Edmunds, Suffolk, United Kingdom",N/A,N/A,N/A
https://www.yelu.uk/company/717822/abbeyfield-lingfielddistrict-society-ltd,Abbeyfield Lingfield & District Society Ltd.,01342 834939,"Sunnyside, Town Hill, RH7 6AE, Lingfield, Surrey, United Kingdom",N/A,N/A,N/A
https://www.yelu.uk/company/133917/abc,Abc,020 7254 7111,"Unit A2, Enfield Rd, Barnsbury, N1 5AZ, , London, United Kingdom",N/A,N/A,N/A
https://www.yelu.uk/company/223862/abc-apartments,ABC Apartments,020 7937 4999,"80 Kensington High Street, Kensington, W8 4SG, London, United Kingdom",N/A,N/A,N/A
https://www.yelu.uk/company/710270/aberdeennorthern-estates-ltd,Aberdeen & Northern (Estates) Ltd.,01467 623800,"Thainstone Agricultural Centre, AB51 5XZ, Inverurie, Aberdeenshire, United Kingdom",N/A,N/A,N/A
https://www.yelu.uk/company/710271/aberdeen-executive-property-ltd,Aberdeen Executive Property Ltd.,0141 334 5343,"10-12 Chapel Street, AB10 1SP, Aberdeen, Aberdeenshire, United Kingdom",N/A,N/A,N/A
https://www.yelu.uk/company/710272/aberdeen-solicitors-property-centre-ltd,Aberdeen Solicitors' Property Centre Ltd.,01224 632949,"40 Chapel Street, AB10 1SP, Aberdeen, Aberdeenshire, United Kingdom",N/A,N/A,N/A
https://www.yelu.uk/company/711791/abercorn-developmentsleisure-1990-ltd,Abercorn Developments & Leisure (1990) Ltd.,02871 810106,"19 Main Street, BT47 3AD, County Londonderry, United Kingdom",N/A,N/A,N/A
https://www.yelu.uk/company/711939/22-aberdeen-road-management-co-ltd,22 Aberdeen Road Management Co. Ltd.,0117 974 2007,"22 Aberdeen Road, BS6 6HU, County Of Bristol, United Kingdom",N/A,N/A,N/A
https://www.yelu.uk/company/712829/aberaeron-craft-centre-ltd,Aberaeron Craft Centre Ltd.,01545 570075,"The Reception Office, SA46 0DX, Aberaeron, Dyfed, United Kingdom",N/A,N/A,N/A
https://www.yelu.uk/company/713641/abergavenny-property-management-ltd,Abergavenny Property Management Ltd.,01873 859476,"33 Avenue Road, NP7 7DA, Abergavenny, Gwent, United Kingdom",N/A,N/A,N/A
https://www.yelu.uk/company/715068/abergate-ltd,Abergate Ltd.,0141 429 5754,"22 Milnpark Street, G41 1BB, Lanarkshire, Glasgow, United Kingdom",N/A,N/A,N/A
https://www.yelu.uk/company/715775/abercastle-developments-ltd,Abercastle Developments Ltd.,0131 657 1616,"2o Seafield Road East, EH15 1AB, Edinburgh, Midlothian, United Kingdom",N/A,N/A,N/A
https://www.yelu.uk/company/716369/abernant-ltd,Abernant Ltd.,07798 821709,"Abernant, LD2 3YR, Builth Wells, Powys, United Kingdom",N/A,N/A,N/A
https://www.yelu.uk/company/715401/ab-griffiths-lifepensions-ltd,A & B Griffiths (Life & Pensions) Ltd.,01685 373513,"94 Pontmorlais, CF47 8UH, Merthyr Tydfil, Mid Glamorgan, United Kingdom",N/A,N/A,N/A
https://www.yelu.uk/company/223863/able-estates,Able Estates,020 8306 2020,"511 Abbey Road, Abbey Wood, SE2 9HA, London, United Kingdom",N/A,N/A,N/A
https://www.yelu.uk/company/223864/able-estates,Able Estates,01322 400222,"287 Bexley Road, Erith, DA8 3EX, London, United Kingdom",N/A,N/A,N/A
https://www.yelu.uk/company/712013/ablebeck-ltd,Ablebeck Ltd.,0117 344 8414,"13 Whatley Road, BS8 2PS, County Of Bristol, United Kingdom",N/A,N/A,N/A
https://www.yelu.uk/company/715663/ablegate-properties-ltd,Ablegate Properties Ltd.,0151 638 6009,"61 Green Lane, CH45 8JQ, Wallasey, Merseyside, United Kingdom",N/A,N/A,N/A
https://www.yelu.uk/company/716178/able-property-trust,Able Property Trust,0115 955 5110,"Vernon Ho, 18 Friar La, NG1 6DQ, Nottingham, Nottinghamshire, United Kingdom",N/A,N/A,N/A
https://www.yelu.uk/company/716640/ablesource-ltd,Ablesource Ltd.,020 7225 0066,"14th Floor Bowater House, SW1X 7LT, London, United Kingdom",N/A,N/A,N/A
https://www.yelu.uk/company/951255/able-turkish-homes,ABLE TURKISH HOMES,0131 664 0971,"181  Guardwell Cresent, EH177HA, Edinburgh, Midlothian, United Kingdom",N/A,N/A,N/A
https://www.yelu.uk/company/716106/a-b-management-2000-ltd,A B  Management 2000 Ltd.,01947 841671,"The Old Vicarage, YO21 2BQ, Whitby, North Yorkshire, United Kingdom",N/A,N/A,N/A
https://www.yelu.uk/company/718141/a-bn-investments-ltd,A B & N Investments Ltd.,01922 639111,"Strand House, Long Street, WS2 9DY, West Midlands, Walsall, United Kingdom",N/A,N/A,N/A
https://www.yelu.uk/company/223865/abode,Abode,020 8673 1888,"1 Cavendish Parade, Clapham, SW4 9DW, London, United Kingdom",N/A,N/A,N/A
https://www.yelu.uk/company/223866/abode,Abode,020 8506 5858,"380-382 High Road, Woodford Green, IG8 0XQ, London, United Kingdom",N/A,N/A,N/A
https://www.yelu.uk/company/223867/abode-estate-agents,Abode Estate Agents,020 7740 2400,"10 West Lane, Rotherhithe, SE16 4NY, London, United Kingdom",N/A,N/A,N/A
https://www.yelu.uk/company/223868/abode-london,Abode London,020 8766 0088,"80 Westow Hill, Gipsy Hill, SE19 1SB, London, United Kingdom",N/A,N/A,N/A
https://www.yelu.uk/company/712014/abode-property-management,Abode Property Management,0117 973 8866,"132 Whiteladies Road, BS8 2RS, County Of Bristol, United Kingdom",N/A,N/A,N/A
https://www.yelu.uk/company/713808/abora-properties-ltd,Abora Properties Ltd.,01962 842155,"St Thomas Street, St Thomas Street, SO23 9HE, Winchester, Hampshire, United Kingdom",N/A,N/A,N/A
https://www.yelu.uk/company/715776/above-bar-southampton-ltd,Above Bar (Southampton) Ltd.,0131 243 5522,"11 Earl Grey Street, EH3 9BN, Edinburgh, Midlothian, United Kingdom",N/A,N/A,N/A
https://www.yelu.uk/company/716550/abode-estates,Abode Estates,01935 250205,"Yeovil Innovaton Centre, Copse Road, BA22 8RN, Yeovil, Somerset, United Kingdom",N/A,N/A,N/A
https://www.yelu.uk/company/717823/about-house-salelets,About House Sale & Lets,01737 735061,"Castle Court, 41 London Road, RH2 9RJ, Reigate, Surrey, United Kingdom",N/A,N/A,N/A
https://www.yelu.uk/company/716260/a-b-property-ltd,A  B  Property Ltd.,01993 704721,"Thames Buisness Advice Centre, Avenue 4 Station Lane, OX28 4BN, Witney, Oxfordshire, United Kingdom",N/A,N/A,N/A
https://www.yelu.uk/company/223869/abrar-estates,Abrar Estates,020 7262 1133,"87 Edgware Road, Paddington, W2 2HX, London, United Kingdom",N/A,N/A,N/A
https://www.yelu.uk/company/718142/abroman-ltd,Abroman Ltd.,0121 523 5895,"66-68 Great Hampton Street, B18 6EW, West Midlands, Birmingham, United Kingdom",N/A,N/A,N/A
https://www.yelu.uk/company/718460/a-brewster-developments,A Brewster Developments,01274 595127,"The Sidings, BD18 1BN, Shipley, West Yorkshire, United Kingdom",N/A,N/A,N/A
https://www.yelu.uk/company/223870/absolute-living,Absolute Living,020 7101 1636,"143 Battersea High Street, Battersea, SW11 3JS, London, United Kingdom",N/A,N/A,N/A
https://www.yelu.uk/company/715314/abstract-events-ltd,Abstract Events Ltd.,07976 731644,"Griffin Court, 201 Chapel Street, M3 5EQ, Manchester, Lancashire, United Kingdom",N/A,N/A,N/A
https://www.yelu.uk/company/718376/abstract-communications-ltd,Abstract Communications Ltd.,01793 431700,"Unit 3, The Meads Business Centre, SN5 7YJ, Swindon, Wiltshire, United Kingdom",N/A,N/A,N/A
https://www.yelu.uk/company/718461/abson-blaza,Abson Blaza,01977 780599,"34 Ropergate, WF8 1LY, Pontefract, West Yorkshire, United Kingdom",N/A,N/A,N/A
https://www.yelu.uk/company/1019161/absolute-home-finders,Absolute Home Finders,01582 766883,"8 The Deerings, AL5 2PE, Harpenden, Hertfordshire, United Kingdom",N/A,N/A,N/A
https://www.yelu.uk/company/715315/a-b-t-properties-ltd,A B T Properties Ltd.,01254 777117,"5-6a Unit, London Terrace, BB3 3DF, Darwen, Lancashire, United Kingdom",N/A,N/A,N/A
https://www.yelu.uk/company/716656/abtech-investments-ltd,Abtech Investments Ltd.,01226 790006,"6 High Street, S71 4RA, Barnsley, South Yorkshire, United Kingdom",N/A,N/A,N/A
https://www.yelu.uk/company/223871/acacia-international-property-services,Acacia International Property Services,020 8765 4700,"463 Streatham High Road, Streatham, SW16 3PH, London, United Kingdom",N/A,N/A,N/A
https://www.yelu.uk/company/711114/acacia-property-services,Acacia Property Services,0161 929 8332,"42 Acacia Avenue, WA15 8QY, Altrincham, Cheshire, United Kingdom",N/A,N/A,N/A
https://www.yelu.uk/company/711115/academy-estate-agents,Academy Estate Agents,0151 423 2831,"89-91 Albert Road, WA8 6JS, Widnes, Cheshire, United Kingdom",N/A,N/A,N/A
https://www.yelu.uk/company/482125/ac-bc-renovations,AC BC RENOVATIONS,07714 232520,"231a Ashby Road, LE67 3LG, Coalville, Leicestershire, United Kingdom",N/A,N/A,N/A
https://www.yelu.uk/company/223872/access-estate-agents,Access Estate Agents,01689 8450566,"53 Central Parade, New AddingtonCroydon, CR0 0JD, London, United Kingdom",N/A,N/A,N/A
https://www.yelu.uk/company/223873/access-estate-agents,Access Estate Agents,016 8984 5566,"53A Central Parade, New AddingtonCroydon, CR0 0JD, London, United Kingdom",N/A,N/A,N/A
https://www.yelu.uk/company/223874/accommodation-outlet,Accommodation Outlet,020 7287 4244,"32 Old Compton Street, Soho, W1D 4TP, London, United Kingdom",N/A,N/A,N/A
https://www.yelu.uk/company/713306/accomodation-centre,Accomodation Centre,01708 559559,"14 Broadway, RM13 9YP, Rainham, Essex, United Kingdom",N/A,N/A,N/A
https://www.yelu.uk/company/716642/accountancy-tuition-centre-poland-ltd,Accountancy Tuition Centre (Poland) Ltd.,020 7634 1431,"30 Farringdon Street, EC4A 4EA, London, United Kingdom",N/A,N/A,N/A
https://www.yelu.uk/company/717728/accord-saleslettings,Accord Sales & Lettings,01926 437807,"1 Newbold Terrace, CV32 4EA, Royal Leamington Spa, Warwickshire, United Kingdom",N/A,N/A,N/A
https://www.yelu.uk/company/951213/a-c-d-spanish-properties,A C D Spanish Properties,01322 550409,"125 Summerhouse Drive, DA5 2ER, Bexley, Kent, United Kingdom",N/A,N/A,N/A
https://www.yelu.uk/company/223843/a-c-estates,A C Estates,01708 459359,"226 Abbs Cross Lane, Elm ParkHornchurch, RM12 4NA, London, United Kingdom",N/A,N/A,N/A
https://www.yelu.uk/company/223844/a-c-flowers,A C Flowers,020 7603 8885,"The Grampians Shepherds Bush Road, Hammersmith, W6 7LN, London, United Kingdom",N/A,N/A,N/A
https://www.yelu.uk/company/710559/acg-services-ltd,Acg Services Ltd.,01753 753900,"2 Park Street, SL4 1LU, Windsor, Berkshire, United Kingdom",N/A,N/A,N/A
https://www.yelu.uk/company/716655/ac-glazing,A & C GLAZING,0800 093 1605,"UNIT 9 SWINTON BRIDGE WORKS, SWINTO MEXBOROUGH, S64 8AE, Mexborough, South Yorkshire, United Kingdom",N/A,N/A,N/A
https://www.yelu.uk/company/715777/achkeepster-ltd,Achkeepster Ltd.,0131 478 3203,"67 Dublin Street, EH3 6NS, Edinburgh, Midlothian, United Kingdom",N/A,N/A,N/A
https://www.yelu.uk/company/223875/ackermanco,Ackerman & Co,020 8830 5535,"71 Cricklewood Broadway, Cricklewood, NW2 3JR, London, United Kingdom",N/A,N/A,N/A
https://www.yelu.uk/company/223876/acme-project-space,Acme Project Space,020 8981 6811,"44 Bonner Road, , E2 9JS, London, United Kingdom",N/A,N/A,N/A
https://www.yelu.uk/company/710273/a-c-morrisonrichards-ltd,A C Morrison & Richards Ltd.,01224 573321,"18 Bon-Accord Crescent, AB11 6XY, Aberdeen, Aberdeenshire, United Kingdom",N/A,N/A,N/A
https://www.yelu.uk/company/140671/acorn,Acorn,01274 401477,"153 Sunbridge Rd, BD1 2PA, Bradford, United Kingdom",N/A,N/A,N/A
https://www.yelu.uk/company/223877/acorn-estate-agents,Acorn Estate Agents,020 8857 2244,"321 Baring Road, Lee, SE12 0DZ, London, United Kingdom",N/A,N/A,N/A
https://www.yelu.uk/company/223878/acorn-estate-agents,Acorn Estate Agents,020 8694 1177,"407-409 Brockley Road, Lewisham, SE4 2PH, London, United Kingdom",N/A,N/A,N/A
https://www.yelu.uk/company/223879/acorn-estate-agents,Acorn Estate Agents,020 8768 0000,"29 Westow Street, Norwood, SE19 3RW, London, United Kingdom",N/A,N/A,N/A
https://www.yelu.uk/company/223880/acorn-estate-agents,Acorn Estate Agents,020 8694 1177,"407-409 Brockley Road, , SE4 2PH, London, United Kingdom",N/A,N/A,N/A
https://www.yelu.uk/company/223881/acorn-estate-agents,Acorn Estate Agents,020 8333 4488,"128 Rushey Green, Catford, SE6 4HQ, London, United Kingdom",N/A,N/A,N/A
https://www.yelu.uk/company/223882/acorn-estate-agents,Acorn Estate Agents,020 8776 7070,"54 Sydenham Road, Sydenham, SE26 5QF, London, United Kingdom",N/A,N/A,N/A
https://www.yelu.uk/company/223883/acorn-estate-agents,Acorn Estate Agents,020 8852 4455,"153 Lewisham High Street, Lewisham, SE13 6AA, London, United Kingdom",N/A,N/A,N/A
https://www.yelu.uk/company/223884/acorn-estate-agents,Acorn Estate Agents,020 8333 5080,"58  Road, Thamesmead, SE23 3HF, London, United Kingdom",N/A,N/A,N/A
https://www.yelu.uk/company/371459/acorn-property-overseas-and-services,Acorn Property Overseas And Services,00440 191580,"The Axis Building, Maingate, Kingsway North, NE11 0NQ, Gateshead, Tyne And Wear, United Kingdom",N/A,N/A,N/A
https://www.yelu.uk/company/710274/acorn-property-investments-ltd,Acorn Property Investments Ltd.,01224 648209,"11 Greenbank Road, AB12 3BQ, Aberdeen, Aberdeenshire, United Kingdom",N/A,N/A,N/A
https://www.yelu.uk/company/715840/acorn-property-management,Acorn Property Management,020 8892 6688,"34 Tennyson Av, TW1 4QY, Middlesex, Twickenham, United Kingdom",N/A,N/A,N/A
https://www.yelu.uk/company/718143/acorn-estates,Acorn Estates,02476 638164,"245 Cross Rd, CV6 5GP, West Midlands, Coventry, United Kingdom",N/A,N/A,N/A
https://www.yelu.uk/company/223885/acquire,Acquire,020 7228 2629,"497 Battersea Park Road, Battersea, SW11 4LW, London, United Kingdom",N/A,N/A,N/A
https://www.yelu.uk/company/713809/acquest-montague,Acquest Montague,02380 232523,"Sandford House, 52 Carlton Road, SO15 2HP, Southampton, Hampshire, United Kingdom",N/A,N/A,N/A
https://www.yelu.uk/company/713810/acquest-montague-properties,Acquest Montague Properties,02380 232523,"47 Clausentum Rd, SO15 2DF, Southampton, Hampshire, United Kingdom",N/A,N/A,N/A
https://www.yelu.uk/company/223886/acrewoods,Acrewoods,020 8577 5733,"34 Kingsley Road, Town CentreHounslow, TW3 1NS, London, United Kingdom",N/A,N/A,N/A
https://www.yelu.uk/company/710963/acrecrest-properties-ltd,Acrecrest Properties Ltd.,01223 874448,"1 Penn Farm Studios, Harston Road, CB3 7JZ, Cambridge, Cambridgeshire, United Kingdom",N/A,N/A,N/A
https://www.yelu.uk/company/715069/acremanor-ltd,Acremanor Ltd.,0141 554 7479,"153 Poplin Street, G40 4LW, Lanarkshire, Glasgow, United Kingdom",N/A,N/A,N/A
https://www.yelu.uk/company/718038/acrecrest-ltd,Acrecrest Ltd.,0845 077 2772,"St Marks Court, Chart Way, RH12 1XL, West Sussex, Horsham, United Kingdom",N/A,N/A,N/A
https://www.yelu.uk/company/715316/acs-property-services-ltd,Acs Property Services Ltd.,01254 696212,"9 Preston New Road, BB2 1AR, Blackburn, Lancashire, United Kingdom",N/A,N/A,N/A
https://www.yelu.uk/company/223887/action-homes-management,Action Homes Management,020 8690 5004,"314 Lewisham High Street, Lewisham, SE13 6JZ, London, United Kingdom",N/A,N/A,N/A
https://www.yelu.uk/company/667230/action-blast,Action blast,07815 908696,"23 Bredenbury Gardens, Nottage, CF36 3NY, Porthcawl, Mid Glamorgan, United Kingdom",N/A,N/A,N/A
https://www.yelu.uk/company/711066/activ-property-sales,Activ Property Sales,0845 270 8001,"Valliant House, Falcon Court, TS18 3TS, Cleveland, Stockton-On-Tees, United Kingdom",N/A,N/A,N/A
https://www.yelu.uk/company/711523/a-c-t-estate-agents,A C T Estate Agents,01726 72289,"5-6 Market Street, PL25 4BB, St. Austell, Cornwall, United Kingdom",N/A,N/A,N/A
https://www.yelu.uk/company/712015/active-property-management,Active Property Management,0117 965 9088,"341 Fishponds Road, BS5 6QG, County Of Bristol, United Kingdom",N/A,N/A,N/A
https://www.yelu.uk/company/712016/active-property-management-residential-ltd,Active Property Management (Residential) Ltd.,01225 400164,"4 Drake Close, BS31 3LW, County Of Bristol, Salford, United Kingdom",N/A,N/A,N/A
https://www.yelu.uk/company/716421/actfree-ltd,Actfree Ltd.,01691 671116,"16 Leg Street, SY11 2NN, Oswestry, Shropshire, United Kingdom",N/A,N/A,N/A
https://www.yelu.uk/company/223888/adamsons,Adam & Sons,020 8743 7234,"11 The Vale, Acton, W3 7SH, London, United Kingdom",N/A,N/A,N/A
https://www.yelu.uk/company/223889/adam-hayes-estate-agents,Adam Hayes Estate Agents,020 8445 4008,"331 Ballards Lane, North Finchley, N12 8LT, London, United Kingdom",N/A,N/A,N/A
https://www.yelu.uk/company/223890/adams-estate-agents,Adams Estate Agents,020 8566 3738,"22 Northfield Avenue, Hanwell, W13 9RL, London, United Kingdom",N/A,N/A,N/A
https://www.yelu.uk/company/712232/adastra-developmentconstruction-co-ltd,Adastra Development & Construction Co. Ltd.,01773 832354,"Adastra House, Chesterfield Road, DE55 6AW, Alfreton, Derbyshire, United Kingdom",N/A,N/A,N/A
https://www.yelu.uk/company/712618/adam-stewartson-ltd,Adam Stewart & Son Ltd.,01935 476266,"Abbots Fee, Greenhill, DT9 4ET, Sherborne, Dorset, United Kingdom",N/A,N/A,N/A
https://www.yelu.uk/company/712619/adastral-management-co-ltd,Adastral Management Co. Ltd.,01202 555045,"Victoria Chambers, Fir Vale Road, BH1 2JN, Bournemouth, Dorset, United Kingdom",N/A,N/A,N/A
https://www.yelu.uk/company/714189/adam-kennedy,Adam Kennedy,020 8441 7700,"22 High St, EN5 5RU, Barnet, Hertfordshire, United Kingdom",N/A,N/A,N/A
https://www.yelu.uk/company/718379/a-darlow,A Darlow,01793 853912,"32 High Street, SN4 7AF, Swindon, Wiltshire, United Kingdom",N/A,N/A,N/A
https://www.yelu.uk/company/713040/adelphi-hotels-ltd,Adelphi Hotels Ltd.,01273 206681,"75 Church Road, BN3 2BB, East Sussex, Hove, United Kingdom",N/A,N/A,N/A
https://www.yelu.uk/company/716107/adhurst-developments-ltd,Adhurst Developments Ltd.,01759 302101,"Durford House, Waplington Park Allerthorpe, YO42 4RW, North Yorkshire, United Kingdom",N/A,N/A,N/A
https://www.yelu.uk/company/717533/adhd-in-suffolk,ADHD IN SUFFOLK,01394 448174,"53 Meadowlands, IP10 0PX, Ipswich, Suffolk, United Kingdom",N/A,N/A,N/A
https://www.yelu.uk/company/718144/a-d-hayes-ltd,A D Hayes Ltd.,01384 395976,"65 Birmingham Road, DY9 9JY, West Midlands, Stourbridge, United Kingdom",N/A,N/A,N/A
https://www.yelu.uk/company/716261/adkin-estate-agents,Adkin (Estate Agents),01865 727105,"1 Chapel Way, OX2 9LA, Oxford, Oxfordshire, United Kingdom",N/A,N/A,N/A
https://www.yelu.uk/company/710355/adminsound-ltd,Adminsound Ltd.,0141 221 2984,"3 Kaims Hill, DD11 4QY, Arbroath, Angus, United Kingdom",N/A,N/A,N/A
https://www.yelu.uk/company/712017/adocourt-ltd,Adocourt Ltd.,0117 974 4015,"86 - 88 Regent Street, BS15, County Of Bristol, United Kingdom",N/A,N/A,N/A
https://www.yelu.uk/company/710560/a-d-p-international,A D P International,0118 950 0011,"87 London St, RG1 4QA, Reading, Berkshire, United Kingdom",N/A,N/A,N/A
https://www.yelu.uk/company/712389/a-d-qurafhi,A D Qurafhi,01803 295163,"47 Abbey Road, TQ2 5NQ, Torquay, Devon, United Kingdom",N/A,N/A,N/A
https://www.yelu.uk/company/711780/adrian-j-mcelroyco,Adrian J McElroy & Co,02866 323258,"23 East Bridge Street, BT74 7BW, Enniskillen, County Fermanagh, United Kingdom",N/A,N/A,N/A
https://www.yelu.uk/company/713041/adr-associates,Adr Associates,01825 830354,"Riverside, TN22 4EX, East Sussex, Uckfield, United Kingdom",N/A,N/A,N/A
https://www.yelu.uk/company/713811/adrian-dowding-towncountry,Adrian Dowding Town & Country,01425 655333,"8 10 Bridge Street, SP6 1AH, Fordingbridge, Hampshire, United Kingdom",N/A,N/A,N/A
https://www.yelu.uk/company/122833/advance,Advance,020 7375 1133,"10 Scrutton Street, The City, EC2A 4RU, London, United Kingdom",N/A,N/A,N/A
https://www.yelu.uk/company/713261/advanceforce-ltd,Advanceforce Ltd.,07970 124240,"3 Maclean Place, KY11 8TB, Dunfermline, FIFE, United Kingdom",N/A,N/A,N/A
https://www.yelu.uk/company/713311/advance-accommodation-agency,Advance Accommodation Agency,01708 452398,"139 Hornchurch Road, RM12 4SZ, Essex, United Kingdom",N/A,N/A,N/A
https://www.yelu.uk/company/718145/advance-property-maintenance,Advance Property Maintenance,01922 635938,"8 Walnut Road, WS5 4HT, West Midlands, Walsall, United Kingdom",N/A,N/A,N/A
https://www.yelu.uk/company/716105/ae-baines-ltd,A & E Baines Ltd.,01423 540390,"2 Baines House, Station Parade, HG1 1UF, North Yorkshire, Harrogate, United Kingdom",N/A,N/A,N/A
https://www.yelu.uk/company/710697/aedes-ltd,Aedes Ltd.,01955 602405,"Market Place, KW1 4LP, Wick, Caithness, United Kingdom",N/A,N/A,N/A
https://www.yelu.uk/company/222366/aem-properties,AEM Properties,020 3307 0777,"86 Lancaster Road, Gordon HillEnfield, EN2 0BX, London, United Kingdom",N/A,N/A,N/A
https://www.yelu.uk/company/713813/a-e-norrissons-ltd,A E  Norris & Sons Ltd.,01243 377977,"White Chimney Row, PO10 8RS, Emsworth, Hampshire, United Kingdom",N/A,N/A,N/A
https://www.yelu.uk/company/717825/a-e-thorogoood-investments-ltd,A E Thorogoood Investments Ltd.,020 8399 8000,"Thorogood House, 34 Tolworth Close, KT6 7EP, Surbiton, Surrey, United Kingdom",N/A,N/A,N/A
https://www.yelu.uk/company/711067/a-fallow-property,A Fallow Property,01915 867640,"The Gables, Hesleden Road, TS27 4LH, Cleveland, Hartlepool, United Kingdom",N/A,N/A,N/A
https://www.yelu.uk/company/750343/afrotradegroup,AfrotradeGroup,020 3384 5424,"William Hunter House, 20 Western Road, CM14 4SR, Brentwood, Essex, United Kingdom",N/A,N/A,N/A
https://www.yelu.uk/company/711650/agar-murdochdeane,Agar Murdoch & Deane,02891 872522,"10-12 The Square, BT23 5DT, County Down, Newtownards, United Kingdom",N/A,N/A,N/A
https://www.yelu.uk/company/712233/agegrey-properties-ltd,Agegrey Properties Ltd.,0115 944 0882,"Ashtree Farm, DE7 4PS, Ilkeston, Derbyshire, United Kingdom",N/A,N/A,N/A
https://www.yelu.uk/company/951185/agencies-no-1,Agencies No 1,01803 299948,"2 Ellacombe Rd, TQ1 3AT, Torquay, Devon, United Kingdom",N/A,N/A,N/A
https://www.yelu.uk/company/223891/ag-group,Ag Group,020 8514 5177,"177 Ley Street, Town CentreIlford, IG1 4BL, London, United Kingdom",N/A,N/A,N/A
https://www.yelu.uk/company/710558/ag-ltd,A & G Ltd.,0118 944 9100,"1-3 Headley Road, RG5 4HT, Reading, Berkshire, United Kingdom",N/A,N/A,N/A
https://www.yelu.uk/company/718463/a-gs-1990-ltd,A G & S 1990 Ltd.,01535 632186,"North Road, BD20 7PE, West Yorkshire, Keighley, United Kingdom",N/A,N/A,N/A
https://www.yelu.uk/company/711636/a-h-g-ltd,A H G Ltd.,02838 394277,"Unit 8 Carn Court Road, BT63 5YX, County Armagh, Craigavon, United Kingdom",N/A,N/A,N/A
https://www.yelu.uk/company/712018/a-h-gore-holdings-ltd,A H Gore (Holdings) Ltd.,0117 955 5251,"111-119 Newfoundland Road, BS2 9LU, County Of Bristol, United Kingdom",N/A,N/A,N/A
https://www.yelu.uk/company/951231/a-house-in-france-ltd,A House in France Ltd.,020 8959 5182,"11 Mountview, Mill Hill, NW7 3HT, London, United Kingdom",N/A,N/A,N/A
https://www.yelu.uk/company/514469/aided-presentations-ltd,Aided Presentations Ltd.,01582 485549,"Unit 8 Home Farm, Luton Hoo Estate, LU1 3TD, Bedfordshire, United Kingdom",N/A,N/A,N/A
https://www.yelu.uk/company/712019/aimcover-ltd,Aimcover Ltd.,0117 938 0419,"West Court Woodwell Road, BS11 9UG, County Of Bristol, United Kingdom",N/A,N/A,N/A
https://www.yelu.uk/company/711116/ainsbury-dignan-insurance-services-ltd,Ainsbury Dignan Insurance Services Ltd.,0161 480 3481,"Offerton Industrial Estate, Hempshaw Lane, SK2 5TJ, Stockport, Cheshire, United Kingdom",N/A,N/A,N/A
https://www.yelu.uk/company/223892/aira-estates,Aira Estates,020 8478 5973,"665 Romford Road, Forest Gate, E12 5AD, London, United Kingdom",N/A,N/A,N/A
https://www.yelu.uk/company/710728/airwise-communications-high-wycombe-ltd,Airwise Communications (High Wycombe) Ltd.,01494 461861,"4 Cornmarket, HP11 2BW, High Wycombe, Buckinghamshire, United Kingdom",N/A,N/A,N/A
https://www.yelu.uk/company/712924/aircraft-rental-humberside-ltd,Aircraft Rental Humberside Ltd.,01482 327406,"Wilberforce Court, HU1 1YH, East Yorkshire, Hull, United Kingdom",N/A,N/A,N/A
https://www.yelu.uk/company/714190/airport-lettings,Airport Lettings,01279 777555,"Peyton Hall Cottage, Clavering Road, CM23 1AA, Bishop's Stortford, Hertfordshire, United Kingdom",N/A,N/A,N/A
https://www.yelu.uk/company/223893/aitchisonians,Aitchisonians,020 8368 6655,"26 Friern Barnet Road, Bowes Park, N11 1NA, London, United Kingdom",N/A,N/A,N/A
https://www.yelu.uk/company/223894/aitchisons-estate-agents,Aitchisons Estate Agents,01923 231662,"131 High Street, Town CentreWatford, WD17 1NA, London, United Kingdom",N/A,N/A,N/A
https://www.yelu.uk/company/714191/aitchison-raffety-ltd,Aitchison Raffety Ltd.,01923 771188,"6 Seaton Road, WD3 1QZ, Rickmansworth, Hertfordshire, United Kingdom",N/A,N/A,N/A
https://www.yelu.uk/company/715841/a-j-a-taylorco-ltd,A J A Taylor & Co. Ltd.,01923 820753,"1 Eastbury Road, HA6 3BG, Middlesex, Northwood, United Kingdom",N/A,N/A,N/A
https://www.yelu.uk/company/711117/a-j-cableco,A J Cable & Co,0161 449 7475,"2 Stockport Road, Maple, SK6 6BJ, Cheshire, United Kingdom",N/A,N/A,N/A
https://www.yelu.uk/company/713814/a-j-eyresons-ltd,A J  Eyre & Sons Ltd.,02392 259226,"51 London Road, PO7 7EX, Waterlooville, Hampshire, United Kingdom",N/A,N/A,N/A
https://www.yelu.uk/company/223895/aj-properties,AJ Properties,020 8220 0202,"660B Green Lane, Ilford, IG3 9RY, London, United Kingdom",N/A,N/A,N/A
https://www.yelu.uk/company/360570/aj-property-services,AJ Property Services,07952 116718,"48 Cotton Road, EN6 5JG, Potters Bar, Hertfordshire, United Kingdom",N/A,N/A,N/A
https://www.yelu.uk/company/223896/aka-saleslettings,AKA Sales & Lettings,020 8204 0000,"499 Kingsbury Road, Kingsbury, NW9 9ED, London, United Kingdom",N/A,N/A,N/A
https://www.yelu.uk/company/223847/ak-estates,A.K. Estates,020 8813 5131,"57 Coldharbour Lane, HayesHayes, UB3 3EE, London, United Kingdom",N/A,N/A,N/A
https://www.yelu.uk/company/716652/akerwoodco,Akerwood & Co,020 7978 2050,"6 Old Town, SW4 0JY, Clapham, London, United Kingdom",N/A,N/A,N/A
https://www.yelu.uk/company/715402/aktons-estate-agents,Aktons Estate Agents,029 2088 1441,"76 Cardiff Road, CF83 1JR, Mid Glamorgan, Caerphilly, United Kingdom",N/A,N/A,N/A
https://www.yelu.uk/company/223898/alan-de-maid,Alan de Maid,020 8289 3333,"1 High Street, Town CentreWest Wickham, BR4 0LP, London, United Kingdom",N/A,N/A,N/A
https://www.yelu.uk/company/223899/alan-de-maid,Alan de Maid,01689 814544,"182 High Street, Town CentreOrpington, BR6 0JW, London, United Kingdom",N/A,N/A,N/A
https://www.yelu.uk/company/223900/alan-de-maid,Alan de Maid,020 8467 2205,"3 High Street, Town CentreChislehurst, BR7 5AB, London, United Kingdom",N/A,N/A,N/A
https://www.yelu.uk/company/223901/alan-de-maid,Alan de Maid,01689 814540,"1 Chatsworth Parade, Petts WoodOrpington, BR5 1DF, London, United Kingdom",N/A,N/A,N/A
https://www.yelu.uk/company/223902/alan-de-maid,Alan de Maid,01689 813333,"Princess Parade Crofton Road, Town CentreOrpington, BR6 8NP, London, United Kingdom",N/A,N/A,N/A
https://www.yelu.uk/company/223903/alan-de-maid,Alan de Maid,020 8289 4544,"234 High Street, New BeckenhamBeckenham, BR3 1EN, London, United Kingdom",N/A,N/A,N/A
https://www.yelu.uk/company/223904/alan-de-maid,Alan de Maid,020 8466 5868,"Old Municipal Buildings19 East Street, Town CentreBromley, BR1 1QE, London, United Kingdom",N/A,N/A,N/A
https://www.yelu.uk/company/223905/alan-goldin-estates,Alan Goldin Estates,020 8209 0101,"Temple Fortune Parade Finchley Road, Golders Green, NW11 0QS, London, United Kingdom",N/A,N/A,N/A
https://www.yelu.uk/company/223906/alan-harvey,Alan Harvey,020 8980 1111,"490 Roman Road, Bow, E3 5LU, London, United Kingdom",N/A,N/A,N/A
https://www.yelu.uk/company/223907/alan-harvey-property-services,Alan Harvey Property Services,020 8539 9999,"658 High Road Leytonstone, Leytonstone, E11 3AA, London, United Kingdom",N/A,N/A,N/A
https://www.yelu.uk/company/223908/alan-ives-estates,Alan Ives Estates,020 8854 0101,"118 Plumstead High Street, Plumstead, SE18 1SJ, London, United Kingdom",N/A,N/A,N/A
https://www.yelu.uk/company/223909/alan-martin,Alan Martin,020 7727 0222,"27 Redan Place, Bayswater, W2 4SA, London, United Kingdom",N/A,N/A,N/A
https://www.yelu.uk/company/223910/alan-martin,Alan Martin,020 7328 2299,"67 Willesden Lane, Hampstead, NW6 7RL, London, United Kingdom",N/A,N/A,N/A
https://www.yelu.uk/company/223911/alan-parker,Alan Parker,020 7328 6656,"27A Willesden Lane, Hampstead, NW6 7RD, London, United Kingdom",N/A,N/A,N/A
https://www.yelu.uk/company/223912/alan-sadickco,Alan Sadick & Co,020 8958 5626,"3 The Promenade, Edgware, HA8 7JZ, London, United Kingdom",N/A,N/A,N/A
https://www.yelu.uk/company/223913/alan-sadickco,Alan Sadick & Co,020 8952 8055,"155 Burnt Oak Broadway, Burnt OakEdgware, HA8 0AX, London, United Kingdom",N/A,N/A,N/A
https://www.yelu.uk/company/223914/alan-selbypartners,Alan Selby & Partners,020 7519 5900,"22 Westferry Road, Millwall, E14 8LW, London, United Kingdom",N/A,N/A,N/A
https://www.yelu.uk/company/710275/alastair-gibbco,Alastair Gibb & Co,01224 639779,"252 Union St, AB10 1TN, Aberdeen, Aberdeenshire, United Kingdom",N/A,N/A,N/A
https://www.yelu.uk/company/711651/alanharris,Alan & Harris,02891 472202,"9 Bridge Street, BT20 5AW, County Down, Bangor, United Kingdom",N/A,N/A,N/A
https://www.yelu.uk/company/711652/alan-elliott-estate-agents,Alan Elliott Estate Agents,02891 811444,"24 Frances Street, BT23 7DN, County Down, Newtownards, United Kingdom",N/A,N/A,N/A
https://www.yelu.uk/company/712620/a-lambert-flat-management-ltd,A  Lambert Flat Management Ltd.,01202 849846,"293 Wimborne Road, BH9 2AA, Bournemouth, Dorset, United Kingdom",N/A,N/A,N/A
https://www.yelu.uk/company/713042/alan-staceco,Alan Stace & Co,01424 428966,"34 Cambridge Road, TN34 1DT, East Sussex, Hastings, United Kingdom",N/A,N/A,N/A
https://www.yelu.uk/company/713815/alandale-southampton-ltd,Alandale (Southampton) Ltd.,02380 701234,"343 Shirley Road, Shirley, SO15 3JD, Southampton, Hampshire, United Kingdom",N/A,N/A,N/A
https://www.yelu.uk/company/713816/alanbrooke-close-ltd,Alanbrooke Close Ltd.,01252 842246,"8 Alanbrooke Close, RG27 8QY, Hook, Hampshire, United Kingdom",N/A,N/A,N/A
https://www.yelu.uk/company/713817/alan-miller-construction,ALAN MILLER CONSTRUCTION,02392 864567,"28 Albert Gro, PO5 1NG, Southsea, Hampshire, United Kingdom",N/A,N/A,N/A
https://www.yelu.uk/company/716477/alanharris-estate-agents,Alan & Harris Estate Agents,029 2069 2626,"46 Merthyr Road, CF15 7RN, South Glamorgan, Cardiff, United Kingdom",N/A,N/A,N/A
https://www.yelu.uk/company/716657/alan-poulton-ltd,Alan Poulton Ltd.,020 7734 9274,"5 Brewer Street, W1F 0RE, London, United Kingdom",N/A,N/A,N/A
https://www.yelu.uk/company/717534/alan-mcburnie-associates,Alan McBurnie Associates,01394 411517,"Mill House, The Street, IP12 3ET, Woodbridge, Suffolk, United Kingdom",N/A,N/A,N/A
https://www.yelu.uk/company/717729/alan-cooper-estates,Alan Cooper Estates,02476 349336,"22 Newdegate Street, CV11 4EU, Nuneaton, Warwickshire, United Kingdom",N/A,N/A,N/A
https://www.yelu.uk/company/718146/alan-wattsco,Alan Watts & Co,0121 707 7683,"9 Westley Road, B27 7UQ, West Midlands, Birmingham, United Kingdom",N/A,N/A,N/A
https://www.yelu.uk/company/223897/albas-investments,Al & Bas Investments,020 8586 6966,"373 Katherine Road, Forest Gate, E7 8LT, London, United Kingdom",N/A,N/A,N/A
https://www.yelu.uk/company/223915/albany,Albany,020 8593 3030,"631 Rainham Road South, Town CentreDagenham, RM10 8AH, London, United Kingdom",N/A,N/A,N/A
https://www.yelu.uk/company/223916/albany,Albany,020 7719 8686,"151 Manchester Road, Millwall, E14 3DR, London, United Kingdom",N/A,N/A,N/A
https://www.yelu.uk/company/223917/albany,Albany,020 8471 9393,"14 High Street, Plaistow, E13 0AJ, London, United Kingdom",N/A,N/A,N/A
https://www.yelu.uk/company/223918/albert-hall-estates,Albert Hall Estates,020 7731 0220,"94 Wandsworth Bridge Road, Fulham, SW6 2TF, London, United Kingdom",N/A,N/A,N/A
https://www.yelu.uk/company/223919/albertson-willow,Albertson Willow,020 8805 5599,"535 Hertford Road, Enfield LockEnfield, EN3 5UA, London, United Kingdom",N/A,N/A,N/A
https://www.yelu.uk/company/106200/albion,Albion,020 7212 9090,"112 Strand, Charing Cross, WC2R 0AG, London, United Kingdom",N/A,N/A,N/A
https://www.yelu.uk/company/710276/albyn-conveyancingestate-agency,Albyn Conveyancing & Estate Agency,01224 641591,"26 Victoria St, AB10 1XA, Aberdeen, Aberdeenshire, United Kingdom",N/A,N/A,N/A
https://www.yelu.uk/company/710356/albany-developments-dundee-ltd,Albany Developments (Dundee) Ltd.,01382 736055,"18 Albany Road, DD5 1NT, Dundee, Angus, United Kingdom",N/A,N/A,N/A
https://www.yelu.uk/company/710729/albany-estates-stony-stratford-ltd,Albany Estates (Stony Stratford) Ltd.,01908 267080,"82 High Street, MK11 1AH, Milton Keynes, Buckinghamshire, United Kingdom",N/A,N/A,N/A
https://www.yelu.uk/company/711118/albert-locke-1940-ltd,Albert Locke (1940) Ltd.,0161 483 5284,"17 Shay Lane, WA15 8NZ, Altrincham, Cheshire, United Kingdom",N/A,N/A,N/A
https://www.yelu.uk/company/712020/albert-lodge-ltd,Albert Lodge Ltd.,0117 973 7568,"Albert Lodge, Victoria Square, BS8 4ET, County Of Bristol, United Kingdom",N/A,N/A,N/A
https://www.yelu.uk/company/714572/48-58-albert-road-kingston-residents-association-ltd,48-58 Albert Road (Kingston) Residents' Association Ltd.,020 8541 3281,"1b Centre Court, Sir Thomas Longley R, ME2 4BQ, Rochester, Kent, United Kingdom",N/A,N/A,N/A
https://www.yelu.uk/company/715664/albicole-ltd,Albicole Ltd.,0151 931 5121,"26 South Road, L23, Merseyside, Liverpool, United Kingdom",N/A,N/A,N/A
https://www.yelu.uk/company/716659/albert-hall-residential-lettings-ltd,Albert Hall Residential Lettings Ltd.,020 7471 4847,"Flat 84 Albert Hall Mansions, Kensington Gore, SW7 2AG, London, United Kingdom",N/A,N/A,N/A
https://www.yelu.uk/company/717826/albany-charles-locksmiths,Albany Charles Locksmiths,01932 880742,"58 Albany Road, KT12 5QQ, Walton-on-thames, Surrey, United Kingdom",N/A,N/A,N/A
https://www.yelu.uk/company/1019102/albex-residential-property-management-ltd,Albex Residential Property Management Ltd,0161 927 7508,"14 Greenwood Street, WA14 1RZ, Altrincham, Cheshire, United Kingdom",N/A,N/A,N/A
https://www.yelu.uk/company/223920/alcomax,Alcomax,020 8469 0206,"146 Lewisham Way, New Cross, SE14 6QP, London, United Kingdom",N/A,N/A,N/A
https://www.yelu.uk/company/223921/aldborough-estates,Aldborough Estates,020 8590 2003,"249 Aldborough Road South, Seven KingsIlford, IG3 8JA, London, United Kingdom",N/A,N/A,N/A
https://www.yelu.uk/company/710472/aldergill-ltd,Aldergill Ltd.,07860 302147,"45 Poplar Close, LU7 3BS, Leighton Buzzard, Bedfordshire, United Kingdom",N/A,N/A,N/A
https://www.yelu.uk/company/714576/aldermanor-ltd,Aldermanor Ltd.,01732 453071,"4 Pineneedle Lane, TN13 3JY, Sevenoaks, Kent, United Kingdom",N/A,N/A,N/A
https://www.yelu.uk/company/715070/alder-hoggco,Alder Hogg & Co.,0141 775 1001,"45a Townhead, G66 1NG, Lanarkshire, Glasgow, United Kingdom",N/A,N/A,N/A
https://www.yelu.uk/company/715957/aldreds,Aldreds,01493 751751,"Old Bank House, The Street, NR13 3DY, Norwich, Norfolk, United Kingdom",N/A,N/A,N/A
https://www.yelu.uk/company/717535/aldeburgh-lodge-management-co-ltd,Aldeburgh Lodge Management Co. Ltd.,01394 380450,"Aldeburgh Lodge, St Peters Road, IP15 5DF, Suffolk, United Kingdom",N/A,N/A,N/A
https://www.yelu.uk/company/223922/aleco,Aleco,020 8449 8808,"256 East Barnet Road, Town CentreBarnet, EN4 8TD, London, United Kingdom",N/A,N/A,N/A
https://www.yelu.uk/company/223923/alex-estates,Alex Estates,N/A,"27 Kingston Road, Merton, SW19 1JX, London, United Kingdom",N/A,N/A,N/A
https://www.yelu.uk/company/223924/alex-kale,Alex Kale,020 8449 3040,"7A High Street, Town CentreBarnet, EN5 5UE, London, United Kingdom",N/A,N/A,N/A
https://www.yelu.uk/company/223925/alex-king,Alex King,020 8804 2222,"442 Hertford Road, Edmonton, N9 8AB, London, United Kingdom",N/A,N/A,N/A
https://www.yelu.uk/company/223926/alex-neil,Alex Neil,020 7537 9859,"Quayside Cascades2-4 Westferry Road, Millwall, E14 8JT, London, United Kingdom",N/A,N/A,N/A
https://www.yelu.uk/company/223927/alex-neil,Alex Neil,020 8297 8800,"63 Tranquil Vale, Blackheath, SE3 0BP, London, United Kingdom",N/A,N/A,N/A
https://www.yelu.uk/company/223928/alex-neil,Alex Neil,020 8980 7431,"343 Roman Road, Bow, E3 5QR, London, United Kingdom",N/A,N/A,N/A
https://www.yelu.uk/company/223929/alex-neil,Alex Neil,020 7237 6767,"146-148 Lower Road, Surrey Quays, SE16 2UG, London, United Kingdom",N/A,N/A,N/A
https://www.yelu.uk/company/218000/alexander,Alexander,020 8660 0079,"14 High Street, Town CentrePurley, CR8 2AA, London, United Kingdom",N/A,N/A,N/A
https://www.yelu.uk/company/223930/alexander-gordon,Alexander Gordon,020 7402 0070,"1 Craven Terrace, Bayswater, W2 3QD, London, United Kingdom",N/A,N/A,N/A
https://www.yelu.uk/company/223931/alexander-lewis,Alexander Lewis,020 7603 4048,"54 Pembroke Road, Kensington, W8 6NX, London, United Kingdom",N/A,N/A,N/A
https://www.yelu.uk/company/223932/alexander-reed,Alexander Reed,020 8758 9100,"Odeon Parade  Road, HounslowIsleworth, TW7 4DE, London, United Kingdom",N/A,N/A,N/A
https://www.yelu.uk/company/223933/alexander-watson,Alexander Watson,020 8866 0127,"28-30 High Street, Town CentrePinner, HA5 5PW, London, United Kingdom",N/A,N/A,N/A
https://www.yelu.uk/company/111607/alexanders,Alexanders,020 8650 8865,"267 Croydon Road, Elmers EndBeckenham, BR3 3PS, London, United Kingdom",N/A,N/A,N/A
https://www.yelu.uk/company/223934/alexanders-property-consultants,Alexanders Property Consultants,020 8348 5639,"42 Park Road, Crouch End, N8 8TD, London, United Kingdom",N/A,N/A,N/A
https://www.yelu.uk/company/710473/alex-mccarthy,Alex McCarthy,01767 262727,"26a Market Square, SG19 2NP, Sandy, Bedfordshire, United Kingdom",N/A,N/A,N/A
https://www.yelu.uk/company/710730/alexander-stephens-estate-agents-ltd,Alexander Stephens Estate Agents Ltd.,01908 607787,"Sovereign Court, 213 Witan Gate, MK9 2HP, Milton Keynes, Buckinghamshire, United Kingdom",N/A,N/A,N/A
https://www.yelu.uk/company/712021/alexanderia-management-services-ltd,Alexanderia Management Services Ltd,0117 966 1688,"233 North St, BS3 1JJ, County Of Bristol, United Kingdom",N/A,N/A,N/A
https://www.yelu.uk/company/712830/aled-ellisco-ltd,Aled Ellis & Co. Ltd.,01970 626160,"16 Terrace Road, SY23 1NP, Dyfed, Aberystwyth, United Kingdom",N/A,N/A,N/A
https://www.yelu.uk/company/712831/alexanders-estate-agents,Alexanders Estate Agents,01970 626111,"Cambrian Chambers, Terrace Road, SY23 1NY, Dyfed, Aberystwyth, United Kingdom",N/A,N/A,N/A
https://www.yelu.uk/company/713279/alex-clark-residential-lettingsmanagement-ltd,Alex Clark Residential Lettings & Management Ltd.,01452 300822,"Roebuck House, 37a Brunswick Road, GL1 1LU, Gloucester, Gloucestershire, United Kingdom",N/A,N/A,N/A
https://www.yelu.uk/company/713818/alexander-keen-estate-agents,Alexander Keen Estate Agents,02380 270558,"3 The Central Precinct, Winchester Road, SO53 2GA, Eastleigh, Hampshire, United Kingdom",N/A,N/A,N/A
https://www.yelu.uk/company/713819/alexanders-estate-agency,Alexanders Estate Agency,02380 704321,"343 Shirley Road, SO15 3 JD, Southampton, Hampshire, United Kingdom",N/A,N/A,N/A
https://www.yelu.uk/company/714577/alexander-court-management-services-ltd,Alexander Court Management Services Ltd.,01795 424277,"33 Chalkwell Road, ME10 2LD, Sittingbourne, Kent, United Kingdom",N/A,N/A,N/A
https://www.yelu.uk/company/715320/alexander-estate-agents,Alexander Estate Agents,0161 248 6180,"785 Stockport Road, M19 3DL, Manchester, Lancashire, United Kingdom",N/A,N/A,N/A
https://www.yelu.uk/company/716180/alexandra-properties-ltd,Alexandra Properties Ltd.,0121 224 5582,"150 Haydn Road, NG5 2LB, Nottingham, Nottinghamshire, United Kingdom",N/A,N/A,N/A
https://www.yelu.uk/company/716672/alexandra-law-estate-agents-ltd,Alexandra Law Estate Agents Ltd.,020 8765 1090,"1422 London Road, SW16 4BZ, United Kingdom",N/A,N/A,N/A
https://www.yelu.uk/company/718147/alexander-stevens,Alexander Stevens,0121 693 5025,"Hrs House, Hrs Industrial Estate, B33 0UE, West Midlands, Birmingham, United Kingdom",N/A,N/A,N/A
https://www.yelu.uk/company/718148/alex-smithco,Alex Smith & Co,0121 784 6660,"23 Coleshill Road, Hodge Hill, B36 8DT, West Midlands, Birmingham, United Kingdom",N/A,N/A,N/A
https://www.yelu.uk/company/863248/alexanders-residential,Alexanders Residential,01743 340222,"3 Bellstone, Shrewsbury, SY1 1HU, Shrewsbury, Shropshire, United Kingdom",N/A,N/A,N/A
https://www.yelu.uk/company/223935/alfred-baconson,Alfred Bacon & Son,020 8539 3793,"306 High Road Leyton, Leyton, E10 5PW, London, United Kingdom",N/A,N/A,N/A
https://www.yelu.uk/company/223936/alico-estate-agents,Alico Estate Agents,020 8552 3325,"151 Plashet Road, Upton, E13 0RA, London, United Kingdom",N/A,N/A,N/A
https://www.yelu.uk/company/434098/alistair-arundel-cars,Alistair Arundel Cars,01205 356029,"3 Willoughby Road, PE21 9EG, Boston, Lincolnshire, United Kingdom",N/A,N/A,N/A
https://www.yelu.uk/company/710965/a-little-piece-of-england-ltd,A Little Piece of England Ltd.,01223 356054,"20 Fen End, CB4 5NE, Cambridge, Cambridgeshire, United Kingdom",N/A,N/A,N/A
https://www.yelu.uk/company/713820/alington-estates-ltd,Alington Estates Ltd.,02392 820765,"3 Cavendish Road, PO5 2DG, Southsea, Hampshire, United Kingdom",N/A,N/A,N/A
https://www.yelu.uk/company/718149/ali-agencies,Ali Agencies,0121 773 2646,"93 Walford Road, B11 1NP, West Midlands, Birmingham, United Kingdom",N/A,N/A,N/A
https://www.yelu.uk/company/223937/allan-fuller,Allan Fuller,020 8788 8822,"149 Upper Richmond Road, Putney, SW15 2TX, London, United Kingdom",N/A,N/A,N/A
https://www.yelu.uk/company/223938/allan-howardco,Allan Howard & Co,020 8908 3131,"214-216 Preston Road, North WembleyWembley, HA9 8PB, London, United Kingdom",N/A,N/A,N/A
https://www.yelu.uk/company/223939/allan-howardco,Allan Howard & Co,020 8908 3131,"134A Kenton Road, KentonHarrow, HA3 8AL, London, United Kingdom",N/A,N/A,N/A
https://www.yelu.uk/company/223940/allan-morris,Allan Morris,0870 112 7099,"Cashel House15 Thayer Street, Mayfair, W1U 3JT, London, United Kingdom",N/A,N/A,N/A
https://www.yelu.uk/company/223941/allen-daviesco,Allen Davies & Co,020 8539 2121,"342 High Road Leyton, Leyton, E10 5PW, London, United Kingdom",N/A,N/A,N/A
https://www.yelu.uk/company/223942/allen-heritage,Allen Heritage,020 8656 2525,"190 Wickham Road, West WickhamCroydon, CR0 8BJ, London, United Kingdom",N/A,N/A,N/A
https://www.yelu.uk/company/223943/allen-heritage,Allen Heritage,020 8777 3000,"Bell Parade Glebe Way, Town CentreWest Wickham, BR4 0RH, London, United Kingdom",N/A,N/A,N/A
https://www.yelu.uk/company/223944/allen-heritage,Allen Heritage,020 8663 4600,"97 High Street, New BeckenhamBeckenham, BR3 1AG, London, United Kingdom",N/A,N/A,N/A
https://www.yelu.uk/company/223945/alliance,Alliance,020 7706 1600,"183 Praed Street, Paddington, W2 1RH, London, United Kingdom",N/A,N/A,N/A
https://www.yelu.uk/company/223946/alliance-property-hub,Alliance Property Hub,020 8478 2000,"445 High Road, Town CentreIlford, IG1 1TR, London, United Kingdom",N/A,N/A,N/A
https://www.yelu.uk/company/223947/allsop,Allsop,020 7437 6977,"27 Soho Square, Soho, W1D 3QR, London, United Kingdom",N/A,N/A,N/A
https://www.yelu.uk/company/223948/allsop-iles,Allsop Iles,020 7235 4555,"3 William Street, Knightsbridge, SW1X 9HL, London, United Kingdom",N/A,N/A,N/A
https://www.yelu.uk/company/710415/allenharris,Allen & Harris,01294 271151,"Galt Ho, 31 Bank St, KA12 0LL, Ayrshire, Irvine, United Kingdom",N/A,N/A,N/A
https://www.yelu.uk/company/710561/all-clear-systems-ltd,All Clear Systems Ltd.,01628 542566,"19 Auckland Close, SL6 8QB, Maidenhead, Berkshire, United Kingdom",N/A,N/A,N/A
https://www.yelu.uk/company/711068/allied-management-ltd,Allied Management Ltd.,01287 639639,"3 Highcliffe View, Westgate, TS14 6AY, Cleveland, Guisborough, United Kingdom",N/A,N/A,N/A
https://www.yelu.uk/company/711835/allenwood-enterprises-ltd,Allenwood Enterprises Ltd.,01228 401400,"3 Wavell Drive, Rosehill, CA1 2ST, Cumbria, Carlisle, United Kingdom",N/A,N/A,N/A
https://www.yelu.uk/company/711954/2-all-saints-rd-clifton-ltd,2 All Saints Rd (Clifton) Ltd.,0117 972 9999,"Flat 5, 2 All Saints Road, BS8 2JH, County Of Bristol, United Kingdom",N/A,N/A,N/A
https://www.yelu.uk/company/711997/7-all-saints-road-maintenance-ltd,7 All Saints Road Maintenance Ltd.,0117 973 0861,"7 Apsley Road, BS8 2SH, County Of Bristol, United Kingdom",N/A,N/A,N/A
https://www.yelu.uk/company/712621/allenbath,Allen & Bath,01202 292000,"Hereford House, 4 Hinton Road, BH1 2EE, Bournemouth, Dorset, United Kingdom",N/A,N/A,N/A
https://www.yelu.uk/company/712622/allenbrook-securities-ltd,Allenbrook Securities Ltd.,01725 517214,"The Estate Office, BH21, Wimborne, Dorset, United Kingdom",N/A,N/A,N/A
https://www.yelu.uk/company/712623/alliedchrome-ltd,Alliedchrome Ltd.,01202 745442,"38d Sandecotes Road, BH14 8PA, Poole, Dorset, United Kingdom",N/A,N/A,N/A
https://www.yelu.uk/company/712925/allam-developments-ltd,Allam Developments Ltd.,01482 224861,"10-12 Lime Street, HU8 7AB, East Yorkshire, Hull, United Kingdom",N/A,N/A,N/A
https://www.yelu.uk/company/713320/allen-estates-ltd,Allen Estates Ltd.,01376 553900,"96 High Street, CM7 1JP, Braintree, Essex, United Kingdom",N/A,N/A,N/A
https://www.yelu.uk/company/713822/alliance-employment-solutions-ltd,Alliance Employment Solutions Ltd.,01256 702822,"Colt Hill Works London Road, RG25 1AJ, Basingstoke, Hampshire, United Kingdom",N/A,N/A,N/A
https://www.yelu.uk/company/714194/allsopp-estate-agents,Allsopp Estate Agents,01582 766018,"73 High Street, AL5 2SL, Harpenden, Hertfordshire, United Kingdom",N/A,N/A,N/A
https://www.yelu.uk/company/714578/allied-dominion-investments-ltd,Allied Dominion Investments Ltd.,01304 241001,"3 The Printhouse, Russell Street, CT16 1PX, Dover, Kent, United Kingdom",N/A,N/A,N/A
https://www.yelu.uk/company/715778/allan-mcdougall-property,Allan McDougall Property,0131 661 2345,"22 Abbey Lane, EH8 8JH, Edinburgh, Midlothian, United Kingdom",N/A,N/A,N/A
https://www.yelu.uk/company/716262/allerstonco-ltd,Allerston & Co. Ltd.,01295 277077,"6 Market Place, OX16 5LG, Banbury, Oxfordshire, United Kingdom",N/A,N/A,N/A
https://www.yelu.uk/company/716681/allen-briegel,Allen Briegel,020 8780 0077,"228 Upper Richmond Rd, SW15 6TG, London, United Kingdom",N/A,N/A,N/A
https://www.yelu.uk/company/716682/alley-estates-ltd-ta-advocate,Alley Estates Ltd. (T/A - Advocate),020 8877 0072,"372 Old York Road, SW18 1SP, London, United Kingdom",N/A,N/A,N/A
https://www.yelu.uk/company/951282/allez-france-holiday-homes-ltd,Allez France Holiday Homes Ltd.,01903 742366,"27-31 West Street, RH20 4DZ, West Sussex, Pulborough, United Kingdom",N/A,N/A,N/A
https://www.yelu.uk/company/711120/almond-peterpartners,Almond Peter & Partners,01625 427617,"47 Churchside, SK10 1HW, Macclesfield, Cheshire, United Kingdom",N/A,N/A,N/A
https://www.yelu.uk/company/711988/63-alma-road-ltd,63 Alma Road Ltd.,01275 852130,"63 Alma Road, BS8 2DW, County Of Bristol, United Kingdom",N/A,N/A,N/A
https://www.yelu.uk/company/223949/alpaps-estates,Alpaps Estates,020 7229 1196,"39 Moscow Road, Bayswater, W2 4AH, London, United Kingdom",N/A,N/A,N/A
https://www.yelu.uk/company/223950/alphaomega-properties,Alpha & Omega Properties,020 8472 6699,"283 High Street South, East Ham, E6 3PG, London, United Kingdom",N/A,N/A,N/A
https://www.yelu.uk/company/223951/alpha-properties,Alpha Properties,020 8590 3333,"2 Cameron Road, Ilford, IG3 8LG, London, United Kingdom",N/A,N/A,N/A
https://www.yelu.uk/company/223952/alpha-properties,Alpha Properties,020 8590 3333,"625 High Road, Seven KingsIlford, IG3 8RA, London, United Kingdom",N/A,N/A,N/A
https://www.yelu.uk/company/223953/alpha-property-services,Alpha Property Services,020 7708 4567,"307 East Street, Walworth, SE17 2SX, London, United Kingdom",N/A,N/A,N/A
https://www.yelu.uk/company/223954/alpha-real-estates,Alpha Real Estates,020 8930 8080,"4 Manor Road, West Ealing, W13 0LH, London, United Kingdom",N/A,N/A,N/A
https://www.yelu.uk/company/223955/alphabet-city,Alphabet City,020 7345 9666,"49 West India Dock Road, Millwall, E14 8HN, London, United Kingdom",N/A,N/A,N/A
https://www.yelu.uk/company/223956/alpine,Alpine,020 8200 0000,"245 Edgware Road, Colindale, NW9 6LU, London, United Kingdom",N/A,N/A,N/A
https://www.yelu.uk/company/712832/a-l-p-property-investments-ltd,A L P Property Investments Ltd.,01970 626533,"31 Chalybeate Street, SY23 1HX, Dyfed, Aberystwyth, United Kingdom",N/A,N/A,N/A
https://www.yelu.uk/company/712927/alphagraphics,Alphagraphics,01482 229111,"37-39 George Street, HU1 3BA, East Yorkshire, Hull, United Kingdom",N/A,N/A,N/A
https://www.yelu.uk/company/715842/alperton-estates,Alperton Estates,020 8903 0994,"Minavil House, Ealing Road, HA0 4EL, Middlesex, Wembley, United Kingdom",N/A,N/A,N/A
https://www.yelu.uk/company/713280/alscourt-residents-association-ltd,Alscourt Residents Association Ltd.,01242 575593,"Flat 4 Alscourt, Fairfield Parade, GL53 7PJ, Cheltenham, Gloucestershire, United Kingdom",N/A,N/A,N/A
https://www.yelu.uk/company/717536/alstons-properties-ltd,Alstons (Properties) Ltd.,01394 386291,"The Hermitage, Lodge Farm Lane, IP12 1LX, Woodbridge, Suffolk, United Kingdom",N/A,N/A,N/A
https://www.yelu.uk/company/718150/alston-nock,Alston Nock,0121 616 1565,"4th floor 24 Bennetts Hill, B2 5QP, West Midlands, Birmingham, United Kingdom",N/A,N/A,N/A
https://www.yelu.uk/company/711121/altglen-management-co-ltd,Altglen Management Co. Ltd.,0161 941 5452,"7 Glenfield, WA14 4QH, Altrincham, Cheshire, United Kingdom",N/A,N/A,N/A
https://www.yelu.uk/company/715321/altrincham-confectionery-co-ltd,Altrincham Confectionery Co. Ltd.,0161 834 5833,"Conavon Court, M3 5BQ, Manchester, Lancashire, United Kingdom",N/A,N/A,N/A
https://www.yelu.uk/company/716042/althorp-house,Althorp House,01604 770006,"Estate Office (the), The Stables, NN7 4HQ, Northampton, Northamptonshire, United Kingdom",N/A,N/A,N/A
https://www.yelu.uk/company/223957/alvares-estates,Alvares Estates,020 7274 2423,"83 Acre Lane, Brixton, SW2 5TN, London, United Kingdom",N/A,N/A,N/A
https://www.yelu.uk/company/223958/alvares-estates,Alvares Estates,020 72742423,"83 Acre Lane, Brixton, SW2 5TN, London, United Kingdom",N/A,N/A,N/A
https://www.yelu.uk/company/223959/alwyne-estate-agents,Alwyne Estate Agents,020 7359 3191,"286 St. Pauls Road, Islington, N1 2LH, London, United Kingdom",N/A,N/A,N/A
